strat_unit,249.3,248.7,248.5,248.25,248.0,247.8,247.6,247.2,246.2,246.0,245.5,245.0,244.7,244.0,240.7,238.9,237.0,203.6,199.6,194.06666666666666,188.53333333333333,183.0,178.0,177.6,175.26666666666665,172.9333333333333,170.59999999999997,170.1,169.14999999999998,168.2,167.198908,166.197816,165.196724,164.195632,163.19454,162.69454,160.79636,158.89818,157.0,152.38,147.76,143.14,138.52,133.9,85.8,83.890208,81.980416,80.070624,78.160832,76.25104,74.50069333333333,72.75034666666666,71.0,70.0,65.5,61.7,58.8,58.4,58.0,57.8,55.8,40.0,37.2,28.4,23.0,17.6,15.530000000000001,13.46,11.39,9.32,7.25,5.33,4.665,4.0,3.295,2.59,0.0
NUKO_s_1,0.0,0.0,0.0,0.0,0.0,0.0,0.0,0.0,0.0,0.0,0.0,0.0,0.0,0.0,0.0,0.0,0.0,0.0,0.0,0.0,0.0,0.0,0.0,0.0,0.0,0.0,0.0,0.0,0.0,0.0,0.0,0.0,0.0,0.0,0.0,0.0,0.0,0.0,0.0,0.0,0.0,0.0,0.0,0.0,0.0,0.0,0.0,0.0,0.0,0.0,0.0,0.0,0.0,0.0,0.0,0.0,0.0,0.0,0.0,0.0,0.0,0.0,0.0,0.0,0.0,0.0,0.0,0.0,0.0,0.0,0.0,0.0,0.0,0.0,0.0,88.49954319883733,88.49954319883733
NUKO,0.0,0.0,0.0,0.0,0.0,0.0,0.0,0.0,0.0,0.0,0.0,0.0,0.0,0.0,0.0,0.0,0.0,0.0,0.0,0.0,0.0,0.0,0.0,0.0,0.0,0.0,0.0,0.0,0.0,0.0,0.0,0.0,0.0,0.0,0.0,0.0,0.0,0.0,0.0,0.0,0.0,0.0,0.0,0.0,0.0,0.0,0.0,0.0,0.0,0.0,0.0,0.0,0.0,0.0,0.0,0.0,0.0,0.0,0.0,0.0,0.0,0.0,0.0,0.0,0.0,0.0,0.0,0.0,0.0,0.0,0.0,0.0,0.0,0.0,90.21600980425484,88.49971263434315,88.49971263434315
NUOT_s_1,0.0,0.0,0.0,0.0,0.0,0.0,0.0,0.0,0.0,0.0,0.0,0.0,0.0,0.0,0.0,0.0,0.0,0.0,0.0,0.0,0.0,0.0,0.0,0.0,0.0,0.0,0.0,0.0,0.0,0.0,0.0,0.0,0.0,0.0,0.0,0.0,0.0,0.0,0.0,0.0,0.0,0.0,0.0,0.0,0.0,0.0,0.0,0.0,0.0,0.0,0.0,0.0,0.0,0.0,0.0,0.0,0.0,0.0,0.0,0.0,0.0,0.0,0.0,0.0,0.0,0.0,0.0,0.0,0.0,0.0,0.0,0.0,0.0,71.6468393646922,70.24734094240472,68.99984691433309,68.99984691433309
NUOT,0.0,0.0,0.0,0.0,0.0,0.0,0.0,0.0,0.0,0.0,0.0,0.0,0.0,0.0,0.0,0.0,0.0,0.0,0.0,0.0,0.0,0.0,0.0,0.0,0.0,0.0,0.0,0.0,0.0,0.0,0.0,0.0,0.0,0.0,0.0,0.0,0.0,0.0,0.0,0.0,0.0,0.0,0.0,0.0,0.0,0.0,0.0,0.0,0.0,0.0,0.0,0.0,0.0,0.0,0.0,0.0,0.0,0.0,0.0,0.0,0.0,0.0,0.0,0.0,0.0,0.0,0.0,0.0,0.0,0.0,0.0,0.0,72.62317610513145,71.48804119339741,70.17494118464386,68.99962113281559,68.99962113281559
NUBA_s_4,0.0,0.0,0.0,0.0,0.0,0.0,0.0,0.0,0.0,0.0,0.0,0.0,0.0,0.0,0.0,0.0,0.0,0.0,0.0,0.0,0.0,0.0,0.0,0.0,0.0,0.0,0.0,0.0,0.0,0.0,0.0,0.0,0.0,0.0,0.0,0.0,0.0,0.0,0.0,0.0,0.0,0.0,0.0,0.0,0.0,0.0,0.0,0.0,0.0,0.0,0.0,0.0,0.0,0.0,0.0,0.0,0.0,0.0,0.0,0.0,0.0,0.0,0.0,0.0,0.0,0.0,0.0,0.0,0.0,0.0,96.32684248472788,96.32684248472788,94.42938374558445,92.71563989811523,90.74740000900556,88.9998223304235,88.9998223304235
NUBA_s_3,0.0,0.0,0.0,0.0,0.0,0.0,0.0,0.0,0.0,0.0,0.0,0.0,0.0,0.0,0.0,0.0,0.0,0.0,0.0,0.0,0.0,0.0,0.0,0.0,0.0,0.0,0.0,0.0,0.0,0.0,0.0,0.0,0.0,0.0,0.0,0.0,0.0,0.0,0.0,0.0,0.0,0.0,0.0,0.0,0.0,0.0,0.0,0.0,0.0,0.0,0.0,0.0,0.0,0.0,0.0,0.0,0.0,0.0,0.0,0.0,0.0,0.0,0.0,0.0,0.0,0.0,0.0,0.0,0.0,98.19559467593432,95.6626281761242,95.6626281761242,93.95243757381542,92.39876889053976,90.60365661944498,88.99990229165326,88.99990229165326
NUBA_s_2,0.0,0.0,0.0,0.0,0.0,0.0,0.0,0.0,0.0,0.0,0.0,0.0,0.0,0.0,0.0,0.0,0.0,0.0,0.0,0.0,0.0,0.0,0.0,0.0,0.0,0.0,0.0,0.0,0.0,0.0,0.0,0.0,0.0,0.0,0.0,0.0,0.0,0.0,0.0,0.0,0.0,0.0,0.0,0.0,0.0,0.0,0.0,0.0,0.0,0.0,0.0,0.0,0.0,0.0,0.0,0.0,0.0,0.0,0.0,0.0,0.0,0.0,0.0,0.0,0.0,0.0,0.0,0.0,99.9827502686697,97.35842716254022,95.08098783954195,95.08098783954195,93.53290924269854,92.11858239698122,90.47564219045765,88.99975318615171,88.99975318615171
NUBA_s_1,0.0,0.0,0.0,0.0,0.0,0.0,0.0,0.0,0.0,0.0,0.0,0.0,0.0,0.0,0.0,0.0,0.0,0.0,0.0,0.0,0.0,0.0,0.0,0.0,0.0,0.0,0.0,0.0,0.0,0.0,0.0,0.0,0.0,0.0,0.0,0.0,0.0,0.0,0.0,0.0,0.0,0.0,0.0,0.0,0.0,0.0,0.0,0.0,0.0,0.0,0.0,0.0,0.0,0.0,0.0,0.0,0.0,0.0,0.0,0.0,0.0,0.0,0.0,0.0,0.0,0.0,0.0,101.69191062403695,98.97886292621618,96.62658897493189,94.56906509423274,94.56906509423274,93.16144153655914,91.86905102377672,90.36096393939361,88.9998535649971,88.9998535649971
NUBA,0.0,0.0,0.0,0.0,0.0,0.0,0.0,0.0,0.0,0.0,0.0,0.0,0.0,0.0,0.0,0.0,0.0,0.0,0.0,0.0,0.0,0.0,0.0,0.0,0.0,0.0,0.0,0.0,0.0,0.0,0.0,0.0,0.0,0.0,0.0,0.0,0.0,0.0,0.0,0.0,0.0,0.0,0.0,0.0,0.0,0.0,0.0,0.0,0.0,0.0,0.0,0.0,0.0,0.0,0.0,0.0,0.0,0.0,0.0,0.0,0.0,0.0,0.0,0.0,0.0,0.0,103.32651477030402,100.52738005911664,98.10268118191951,95.98319484471746,94.11560998581123,94.11560998581123,92.83063318141167,91.64643955248215,90.25824305271131,88.99991704601686,88.99991704601686
NMVF_s_1,0.0,0.0,0.0,0.0,0.0,0.0,0.0,0.0,0.0,0.0,0.0,0.0,0.0,0.0,0.0,0.0,0.0,0.0,0.0,0.0,0.0,0.0,0.0,0.0,0.0,0.0,0.0,0.0,0.0,0.0,0.0,0.0,0.0,0.0,0.0,0.0,0.0,0.0,0.0,0.0,0.0,0.0,0.0,0.0,0.0,0.0,0.0,0.0,0.0,0.0,0.0,0.0,0.0,0.0,0.0,0.0,0.0,0.0,0.0,0.0,0.0,0.0,0.0,0.0,0.0,63.868277402008914,62.12242606088549,60.59711660289854,59.25333626924008,58.06026634347944,56.99410617960776,56.99410617960776,56.25271426407146,55.563153415796044,54.747079198517255,53.999643133614114,53.999643133614114
NMVF,0.0,0.0,0.0,0.0,0.0,0.0,0.0,0.0,0.0,0.0,0.0,0.0,0.0,0.0,0.0,0.0,0.0,0.0,0.0,0.0,0.0,0.0,0.0,0.0,0.0,0.0,0.0,0.0,0.0,0.0,0.0,0.0,0.0,0.0,0.0,0.0,0.0,0.0,0.0,0.0,0.0,0.0,0.0,0.0,0.0,0.0,0.0,0.0,0.0,0.0,0.0,0.0,0.0,0.0,0.0,0.0,0.0,0.0,0.0,0.0,0.0,0.0,0.0,0.0,64.4622694417101,63.353727897521125,61.71833511811455,60.28252464203082,59.012168584249004,57.87988117961721,56.86547572125775,56.86547572125775,56.15806380679312,55.49884089109564,54.71682711193752,53.99971809412954,53.99971809412954
NMRF,0.0,0.0,0.0,0.0,0.0,0.0,0.0,0.0,0.0,0.0,0.0,0.0,0.0,0.0,0.0,0.0,0.0,0.0,0.0,0.0,0.0,0.0,0.0,0.0,0.0,0.0,0.0,0.0,0.0,0.0,0.0,0.0,0.0,0.0,0.0,0.0,0.0,0.0,0.0,0.0,0.0,0.0,0.0,0.0,0.0,0.0,0.0,0.0,0.0,0.0,0.0,0.0,0.0,0.0,0.0,0.0,0.0,0.0,0.0,0.0,0.0,0.0,0.0,165.7052912871161,155.1570363602641,146.43818544447737,135.0123250894331,126.21757828165718,119.27284938502845,113.6737544069317,109.08180315323258,109.08180315323258,106.09861863975709,103.4706404100704,100.53314237563019,97.9999600253407,97.9999600253407
NLFF,0.0,0.0,0.0,0.0,0.0,0.0,0.0,0.0,0.0,0.0,0.0,0.0,0.0,0.0,0.0,0.0,0.0,0.0,0.0,0.0,0.0,0.0,0.0,0.0,0.0,0.0,0.0,0.0,0.0,0.0,0.0,0.0,0.0,0.0,0.0,0.0,0.0,0.0,0.0,0.0,0.0,0.0,0.0,0.0,0.0,0.0,0.0,0.0,0.0,0.0,0.0,0.0,0.0,0.0,0.0,0.0,0.0,0.0,0.0,0.0,0.0,100.21564550101377,100.21564550101377,88.41938945917559,85.39346876590108,82.66697133328086,78.75763509688147,75.46730192304835,72.68256119591108,70.31008120027107,68.27398398399677,68.27398398399677,66.90613748751223,65.67016871197325,64.2530261303732,62.999866767929895,62.999866767929895
NLLFC,0.0,0.0,0.0,0.0,0.0,0.0,0.0,0.0,0.0,0.0,0.0,0.0,0.0,0.0,0.0,0.0,0.0,0.0,0.0,0.0,0.0,0.0,0.0,0.0,0.0,0.0,0.0,0.0,0.0,0.0,0.0,0.0,0.0,0.0,0.0,0.0,0.0,0.0,0.0,0.0,0.0,0.0,0.0,0.0,0.0,0.0,0.0,0.0,0.0,0.0,0.0,0.0,0.0,0.0,0.0,0.0,0.0,0.0,0.0,122.29617982386823,122.29617982386823,113.74177190945484,113.74177190945484,103.52767580755253,100.74316293191708,98.17581979937022,94.39769666116828,91.12913096611675,88.29887275220807,85.84120156893067,83.69816562357842,83.69816562357842,82.24068295100327,80.91148347051687,79.37317849743872,77.99992326646358,77.99992326646358
NLLFG,0.0,0.0,0.0,0.0,0.0,0.0,0.0,0.0,0.0,0.0,0.0,0.0,0.0,0.0,0.0,0.0,0.0,0.0,0.0,0.0,0.0,0.0,0.0,0.0,0.0,0.0,0.0,0.0,0.0,0.0,0.0,0.0,0.0,0.0,0.0,0.0,0.0,0.0,0.0,0.0,0.0,0.0,0.0,0.0,0.0,0.0,0.0,0.0,0.0,0.0,0.0,0.0,0.0,0.0,0.0,0.0,0.0,0.0,18.989575980650343,17.20424378418506,17.20424378418506,16.158828268714583,16.158828268714583,14.87105669787346,14.51312283635577,14.180249656523724,13.686974104151824,13.256227399711936,12.881110746333057,12.553594954135718,12.266665673836469,12.266665673836469,12.071119145947225,11.892417428979925,11.685240260157968,11.499802349531883,11.499802349531883
NLLFS,0.0,0.0,0.0,0.0,0.0,0.0,0.0,0.0,0.0,0.0,0.0,0.0,0.0,0.0,0.0,0.0,0.0,0.0,0.0,0.0,0.0,0.0,0.0,0.0,0.0,0.0,0.0,0.0,0.0,0.0,0.0,0.0,0.0,0.0,0.0,0.0,0.0,0.0,0.0,0.0,0.0,0.0,0.0,0.0,0.0,0.0,0.0,0.0,0.0,0.0,0.0,0.0,0.0,0.0,0.0,0.0,0.0,12.294509289390703,12.213534635748552,11.740595175094342,11.740595175094342,11.426710668688001,11.426710668688001,10.992779977008272,10.861603359324338,10.7350515208408,10.538289779008192,10.35672959786289,10.190707233638749,10.038995162111181,9.900499499085846,9.900499499085846,9.802730453157064,9.710880899768775,9.60100159709124,9.499819924318532,9.499819924318532
CKHM,0.0,0.0,0.0,0.0,0.0,0.0,0.0,0.0,0.0,0.0,0.0,0.0,0.0,0.0,0.0,0.0,0.0,0.0,0.0,0.0,0.0,0.0,0.0,0.0,0.0,0.0,0.0,0.0,0.0,0.0,0.0,0.0,0.0,0.0,0.0,0.0,0.0,0.0,0.0,0.0,0.0,0.0,0.0,0.0,0.0,0.0,0.0,0.0,0.0,0.0,0.0,0.0,0.0,0.0,0.0,41.75774269390074,41.75774269390074,41.391041657809325,40.845753114727245,37.84043014647174,37.84043014647174,36.00093901417168,36.00093901417168,33.647766322202386,32.97619711809732,32.34500062160755,31.396523477917,30.556331667205647,29.814048446902675,29.158662259816037,28.578916922431603,28.578916922431603,28.180010173737916,27.813338873743763,27.38536605143162,26.999955941560103,26.999955941560103
CKGR,0.0,0.0,0.0,0.0,0.0,0.0,0.0,0.0,0.0,0.0,0.0,0.0,0.0,0.0,0.0,0.0,0.0,0.0,0.0,0.0,0.0,0.0,0.0,0.0,0.0,0.0,0.0,0.0,0.0,0.0,0.0,0.0,0.0,0.0,0.0,0.0,0.0,0.0,0.0,0.0,0.0,0.0,0.0,0.0,0.0,0.0,0.0,0.0,0.0,0.0,0.0,0.0,0.0,0.0,43.5075233155992,42.251907862637715,42.251907862637715,41.913413452691486,41.4084387636805,38.5913832950673,38.5913832950673,36.83948763448623,36.83948763448623,34.56962620200853,33.91615040380253,33.299810253305544,32.36960443044122,31.541499969846456,30.807482303957087,30.156907482407735,29.579512069010686,29.579512069010686,29.181699682933036,28.815169975351488,28.386601546421225,27.999964376580962,27.999964376580962
+SLDNA_a_4,0.0,0.0,0.0,0.0,0.0,0.0,0.0,0.0,0.0,0.0,0.0,0.0,0.0,0.0,0.0,0.0,0.0,0.0,0.0,0.0,0.0,0.0,0.0,0.0,0.0,0.0,0.0,0.0,0.0,0.0,0.0,0.0,0.0,0.0,0.0,0.0,0.0,0.0,0.0,0.0,0.0,0.0,0.0,96.77968021390453,96.77968021390453,0.0,0.0,0.0,0.0,0.0,0.0,0.0,0.0,0.0,0.0,0.0,0.0,0.0,0.0,0.0,0.0,0.0,0.0,0.0,0.0,0.0,0.0,0.0,0.0,0.0,0.0,0.0,0.0,0.0,0.0,0.0,0.0
+SLDNA_a_3,0.0,0.0,0.0,0.0,0.0,0.0,0.0,0.0,0.0,0.0,0.0,0.0,0.0,0.0,0.0,0.0,0.0,0.0,0.0,0.0,0.0,0.0,0.0,0.0,0.0,0.0,0.0,0.0,0.0,0.0,0.0,0.0,0.0,0.0,0.0,0.0,0.0,0.0,0.0,0.0,0.0,0.0,100.23271537279214,96.77961206639611,96.77961206639611,96.77961206639611,0.0,0.0,0.0,0.0,0.0,0.0,0.0,0.0,0.0,0.0,0.0,0.0,0.0,0.0,0.0,0.0,0.0,0.0,0.0,0.0,0.0,0.0,0.0,0.0,0.0,0.0,0.0,0.0,0.0,0.0,0.0
+SLDNA_a_2,0.0,0.0,0.0,0.0,0.0,0.0,0.0,0.0,0.0,0.0,0.0,0.0,0.0,0.0,0.0,0.0,0.0,0.0,0.0,0.0,0.0,0.0,0.0,0.0,0.0,0.0,0.0,0.0,0.0,0.0,0.0,0.0,0.0,0.0,0.0,0.0,0.0,0.0,0.0,0.0,0.0,103.50506849647829,99.82688574953286,96.77946969934143,96.77946969934143,96.77946969934143,96.77946969934143,0.0,0.0,0.0,0.0,0.0,0.0,0.0,0.0,0.0,0.0,0.0,0.0,0.0,0.0,0.0,0.0,0.0,0.0,0.0,0.0,0.0,0.0,0.0,0.0,0.0,0.0,0.0,0.0,0.0,0.0
+SLDNA_a_1,0.0,0.0,0.0,0.0,0.0,0.0,0.0,0.0,0.0,0.0,0.0,0.0,0.0,0.0,0.0,0.0,0.0,0.0,0.0,0.0,0.0,0.0,0.0,0.0,0.0,0.0,0.0,0.0,0.0,0.0,0.0,0.0,0.0,0.0,0.0,0.0,0.0,0.0,0.0,0.0,106.60640516919085,102.70921971042958,99.48574049804114,96.7797415695268,96.7797415695268,96.7797415695268,96.7797415695268,96.7797415695268,0.0,0.0,0.0,0.0,0.0,0.0,0.0,0.0,0.0,0.0,0.0,0.0,0.0,0.0,0.0,0.0,0.0,0.0,0.0,0.0,0.0,0.0,0.0,0.0,0.0,0.0,0.0,0.0,0.0
+SLDNA_a_0,0.0,0.0,0.0,0.0,0.0,0.0,0.0,0.0,0.0,0.0,0.0,0.0,0.0,0.0,0.0,0.0,0.0,0.0,0.0,0.0,0.0,0.0,0.0,0.0,0.0,0.0,0.0,0.0,0.0,0.0,0.0,0.0,0.0,0.0,0.0,0.0,0.0,0.0,0.0,109.54585137963318,105.43604700726104,102.04256974112808,99.19655939332696,96.77956308771896,96.77956308771896,96.77956308771896,96.77956308771896,96.77956308771896,96.77956308771896,0.0,0.0,0.0,0.0,0.0,0.0,0.0,0.0,0.0,0.0,0.0,0.0,0.0,0.0,0.0,0.0,0.0,0.0,0.0,0.0,0.0,0.0,0.0,0.0,0.0,0.0,0.0,0.0
+ATBR_a_2,0.0,0.0,0.0,0.0,0.0,0.0,0.0,0.0,0.0,0.0,0.0,0.0,0.0,0.0,0.0,0.0,0.0,0.0,0.0,0.0,0.0,0.0,0.0,0.0,0.0,0.0,0.0,0.0,0.0,0.0,0.0,0.0,0.0,0.0,0.0,0.0,0.0,0.0,110.35042172383376,103.87514717527318,98.81458952494933,94.7597648952322,91.44751570422376,88.69977870677803,88.69977870677803,88.69977870677803,88.69977870677803,88.69977870677803,88.69977870677803,88.69977870677803,0.0,0.0,0.0,0.0,0.0,0.0,0.0,0.0,0.0,0.0,0.0,0.0,0.0,0.0,0.0,0.0,0.0,0.0,0.0,0.0,0.0,0.0,0.0,0.0,0.0,0.0,0.0
+ATBR_a_1,0.0,0.0,0.0,0.0,0.0,0.0,0.0,0.0,0.0,0.0,0.0,0.0,0.0,0.0,0.0,0.0,0.0,0.0,0.0,0.0,0.0,0.0,0.0,0.0,0.0,0.0,0.0,0.0,0.0,0.0,0.0,0.0,0.0,0.0,0.0,0.0,0.0,113.53949419910612,106.85056044347476,101.63538971401111,97.43107377418785,93.98284313235999,91.11395571906675,88.69992145096873,88.69992145096873,88.69992145096873,88.69992145096873,88.69992145096873,88.69992145096873,88.69992145096873,88.69992145096873,0.0,0.0,0.0,0.0,0.0,0.0,0.0,0.0,0.0,0.0,0.0,0.0,0.0,0.0,0.0,0.0,0.0,0.0,0.0,0.0,0.0,0.0,0.0,0.0,0.0,0.0
+ATBR_a_0,0.0,0.0,0.0,0.0,0.0,0.0,0.0,0.0,0.0,0.0,0.0,0.0,0.0,0.0,0.0,0.0,0.0,0.0,0.0,0.0,0.0,0.0,0.0,0.0,0.0,0.0,0.0,0.0,0.0,0.0,0.0,0.0,0.0,0.0,0.0,0.0,116.52553258608958,109.49858616953466,104.15698886812658,99.8574589121684,96.30721705897017,93.33979014994907,90.83421363192862,88.69981008851235,88.69981008851235,88.69981008851235,88.69981008851235,88.69981008851235,88.69981008851235,88.69981008851235,88.69981008851235,88.69981008851235,0.0,0.0,0.0,0.0,0.0,0.0,0.0,0.0,0.0,0.0,0.0,0.0,0.0,0.0,0.0,0.0,0.0,0.0,0.0,0.0,0.0,0.0,0.0,0.0,0.0
ATBR3,0.0,0.0,0.0,0.0,0.0,0.0,0.0,0.0,0.0,0.0,0.0,0.0,0.0,0.0,0.0,0.0,0.0,0.0,0.0,0.0,0.0,0.0,0.0,0.0,0.0,0.0,0.0,0.0,0.0,0.0,0.0,0.0,0.0,0.0,64.44806055104195,64.44806055104195,61.111854405645744,58.53379610086825,56.475755858701504,54.75516489461845,53.28920986315792,52.03213014151982,50.94685066584726,50.00531982132248,50.00531982132248,50.00531982132248,50.00531982132248,50.00531982132248,50.00531982132248,50.00531982132248,50.00531982132248,50.00531982132248,50.00531982132248,50.00531982132248,50.00531982132248,50.00531982132248,50.00531982132248,50.00531982132248,50.00531982132248,50.00531982132248,50.00531982132248,50.00531982132248,50.00531982132248,50.00531982132248,50.00531982132248,50.00531982132248,50.00531982132248,50.00531982132248,49.67213793893055,48.850265234297275,48.107151929097704,48.107151929097704,47.58669691471496,47.10136035712763,46.52622166193417,45.99994612942079,45.99994612942079
ATBRM,0.0,0.0,0.0,0.0,0.0,0.0,0.0,0.0,0.0,0.0,0.0,0.0,0.0,0.0,0.0,0.0,0.0,0.0,0.0,0.0,0.0,0.0,0.0,0.0,0.0,0.0,0.0,0.0,0.0,0.0,0.0,0.0,0.0,64.90854641050991,62.97600796241919,62.97600796241919,60.01131236226712,57.686473049185935,55.81052421288514,54.22806159591647,52.87091337641554,51.700105189792446,50.68447336281257,49.799700955095815,49.799700955095815,49.799700955095815,49.799700955095815,49.799700955095815,49.799700955095815,49.799700955095815,49.799700955095815,49.799700955095815,49.799700955095815,49.799700955095815,49.799700955095815,49.799700955095815,49.799700955095815,49.799700955095815,49.799700955095815,49.799700955095815,49.799700955095815,49.799700955095815,49.799700955095815,49.799700955095815,49.799700955095815,49.799700955095815,49.799700955095815,49.799700955095815,49.48581744747593,48.709813399378675,48.005883535610316,48.005883535610316,47.51205728304251,47.050478684169846,46.50243678395661,45.99996281523231,45.99996281523231
ATBR2,0.0,0.0,0.0,0.0,0.0,0.0,0.0,0.0,0.0,0.0,0.0,0.0,0.0,0.0,0.0,0.0,0.0,0.0,0.0,0.0,0.0,0.0,0.0,0.0,0.0,0.0,0.0,0.0,0.0,0.0,0.0,0.0,47.05134672484036,45.621674120827024,44.37516789687069,44.37516789687069,42.442291814671236,40.910028338209415,39.66254226410269,38.60371246737421,37.690375010913606,36.898656675947365,36.2095789818392,35.60714028838302,35.60714028838302,35.60714028838302,35.60714028838302,35.60714028838302,35.60714028838302,35.60714028838302,35.60714028838302,35.60714028838302,35.60714028838302,35.60714028838302,35.60714028838302,35.60714028838302,35.60714028838302,35.60714028838302,35.60714028838302,35.60714028838302,35.60714028838302,35.60714028838302,35.60714028838302,35.60714028838302,35.60714028838302,35.60714028838302,35.60714028838302,35.60714028838302,35.39298604531783,34.86241352264251,34.38029420463544,34.38029420463544,34.041286840200044,33.723938406828424,33.34655004481138,32.99981301116873,32.99981301116873
ATBRL,0.0,0.0,0.0,0.0,0.0,0.0,0.0,0.0,0.0,0.0,0.0,0.0,0.0,0.0,0.0,0.0,0.0,0.0,0.0,0.0,0.0,0.0,0.0,0.0,0.0,0.0,0.0,0.0,0.0,0.0,0.0,64.25675190841116,62.84028978821804,61.08698865192099,59.5461321750434,59.5461321750434,57.13459849632365,55.204209237424436,53.62099508183473,52.26909365588655,51.09721284558808,50.07722076571656,49.18628477666132,48.40504214553267,48.40504214553267,48.40504214553267,48.40504214553267,48.40504214553267,48.40504214553267,48.40504214553267,48.40504214553267,48.40504214553267,48.40504214553267,48.40504214553267,48.40504214553267,48.40504214553267,48.40504214553267,48.40504214553267,48.40504214553267,48.40504214553267,48.40504214553267,48.40504214553267,48.40504214553267,48.40504214553267,48.40504214553267,48.40504214553267,48.40504214553267,48.40504214553267,48.126811313805355,47.436378052703986,46.80754244649407,46.80754244649407,46.36458266487282,45.94934080642744,45.4548129340044,44.9999841972571,44.9999841972571
ATBR1,0.0,0.0,0.0,0.0,0.0,0.0,0.0,0.0,0.0,0.0,0.0,0.0,0.0,0.0,0.0,0.0,0.0,0.0,0.0,0.0,0.0,0.0,0.0,0.0,0.0,0.0,0.0,0.0,0.0,0.0,100.9661555540286,96.83197370690385,94.1965961952182,90.97390453782155,88.18087937942641,88.18087937942641,83.88411500309469,80.51354725585344,77.79872752785747,75.5161577141997,73.56619826108852,71.89139632061737,70.44610828578027,69.19290429500198,69.19290429500198,69.19290429500198,69.19290429500198,69.19290429500198,69.19290429500198,69.19290429500198,69.19290429500198,69.19290429500198,69.19290429500198,69.19290429500198,69.19290429500198,69.19290429500198,69.19290429500198,69.19290429500198,69.19290429500198,69.19290429500198,69.19290429500198,69.19290429500198,69.19290429500198,69.19290429500198,69.19290429500198,69.19290429500198,69.19290429500198,69.19290429500198,68.74988055286015,67.65832100508386,66.67385400193783,66.67385400193783,65.986225053456,65.34615600917516,64.58978345694337,63.89985950630592,63.89985950630592
ATWDU_s_1,0.0,0.0,0.0,0.0,0.0,0.0,0.0,0.0,0.0,0.0,0.0,0.0,0.0,0.0,0.0,0.0,0.0,0.0,0.0,0.0,0.0,0.0,0.0,0.0,0.0,0.0,0.0,0.0,0.0,121.06073588347523,110.51595822994037,105.3553557080115,102.07346209305706,98.07339364358504,94.62218949218911,94.62218949218911,89.35038255768117,85.25447663953146,81.98550914591104,79.26140296306805,76.95378547354377,74.98774798039013,73.30330650991047,71.85317586402095,71.85317586402095,71.85317586402095,71.85317586402095,71.85317586402095,71.85317586402095,71.85317586402095,71.85317586402095,71.85317586402095,71.85317586402095,71.85317586402095,71.85317586402095,71.85317586402095,71.85317586402095,71.85317586402095,71.85317586402095,71.85317586402095,71.85317586402095,71.85317586402095,71.85317586402095,71.85317586402095,71.85317586402095,71.85317586402095,71.85317586402095,71.85317586402095,71.34292840497464,70.09134823540298,68.96974050840447,68.96974050840447,68.19058758446225,67.46863593422194,66.6198153223919,65.84986935424148,65.84986935424148
ATWDU,0.0,0.0,0.0,0.0,0.0,0.0,0.0,0.0,0.0,0.0,0.0,0.0,0.0,0.0,0.0,0.0,0.0,0.0,0.0,0.0,0.0,0.0,0.0,0.0,0.0,0.0,0.0,0.0,122.29523010250384,109.83659701853313,102.6006526582899,98.8530686167595,96.4000648137021,93.33628794547202,90.62842053111873,90.62842053111873,86.37814199736897,82.98241623099074,80.2151055226853,77.87079080539536,75.85821142636583,74.12455534554755,72.62602315890723,71.3258897936742,71.3258897936742,71.3258897936742,71.3258897936742,71.3258897936742,71.3258897936742,71.3258897936742,71.3258897936742,71.3258897936742,71.3258897936742,71.3258897936742,71.3258897936742,71.3258897936742,71.3258897936742,71.3258897936742,71.3258897936742,71.3258897936742,71.3258897936742,71.3258897936742,71.3258897936742,71.3258897936742,71.3258897936742,71.3258897936742,71.3258897936742,71.3258897936742,70.86608207128852,69.73432304206993,68.71427411845832,68.71427411845832,68.00261980382291,67.34100132929791,66.56027713103752,65.84992493998321,65.84992493998321
ATWDM,0.0,0.0,0.0,0.0,0.0,0.0,0.0,0.0,0.0,0.0,0.0,0.0,0.0,0.0,0.0,0.0,0.0,0.0,0.0,0.0,0.0,0.0,0.0,0.0,0.0,0.0,0.0,52.05125398038231,50.41765375018798,49.11416425284118,48.19825839356262,47.666485568944495,47.29393359724449,46.798215709703925,46.3295925523731,46.3295925523731,45.527870228643735,44.8202579438459,44.19203726319748,43.61802792707385,43.090753300922515,42.60760883419299,42.165704130738476,41.762056076905466,41.762056076905466,41.762056076905466,41.762056076905466,41.762056076905466,41.762056076905466,41.762056076905466,41.762056076905466,41.762056076905466,41.762056076905466,41.762056076905466,41.762056076905466,41.762056076905466,41.762056076905466,41.762056076905466,41.762056076905466,41.762056076905466,41.762056076905466,41.762056076905466,41.762056076905466,41.762056076905466,41.762056076905466,41.762056076905466,41.762056076905466,41.762056076905466,41.614477717775515,41.23906644364847,40.885457389140086,40.885457389140086,40.629257223448434,40.38349003295579,40.08339563517224,39.79992914968106,39.79992914968106
ATWDL_s_2,0.0,0.0,0.0,0.0,0.0,0.0,0.0,0.0,0.0,0.0,0.0,0.0,0.0,0.0,0.0,0.0,0.0,0.0,0.0,0.0,0.0,0.0,0.0,0.0,0.0,0.0,153.97661252700112,148.4261688610366,137.51909958546548,129.63686518213262,124.49490378299298,121.651684614076,119.71911397355396,117.22376121465487,114.93854625713226,114.93854625713226,111.19325380692416,108.05384259732192,105.39172999218681,103.06010412441063,100.99876631935345,99.17674312241812,97.56539312933603,96.13863457062938,96.13863457062938,96.13863457062938,96.13863457062938,96.13863457062938,96.13863457062938,96.13863457062938,96.13863457062938,96.13863457062938,96.13863457062938,96.13863457062938,96.13863457062938,96.13863457062938,96.13863457062938,96.13863457062938,96.13863457062938,96.13863457062938,96.13863457062938,96.13863457062938,96.13863457062938,96.13863457062938,96.13863457062938,96.13863457062938,96.13863457062938,96.13863457062938,95.6276221214217,94.35362249067182,93.18611083580547,93.18611083580547,92.36011814878051,91.58338588117627,90.65560839705394,89.80001770228736,89.80001770228736
ATWDL_s_1,0.0,0.0,0.0,0.0,0.0,0.0,0.0,0.0,0.0,0.0,0.0,0.0,0.0,0.0,0.0,0.0,0.0,0.0,0.0,0.0,0.0,0.0,0.0,0.0,0.0,155.78102028395102,140.7100178808233,136.95050753554477,129.2007523136788,123.30187931117385,119.31956356723458,117.07246766427632,115.52716704595312,113.50948053781148,111.64077474411533,111.64077474411533,108.53474051418665,105.88959367822935,103.61803123250205,101.60645295373135,99.81182870165219,98.21292765425065,96.78885733466525,95.52013038975703,95.52013038975703,95.52013038975703,95.52013038975703,95.52013038975703,95.52013038975703,95.52013038975703,95.52013038975703,95.52013038975703,95.52013038975703,95.52013038975703,95.52013038975703,95.52013038975703,95.52013038975703,95.52013038975703,95.52013038975703,95.52013038975703,95.52013038975703,95.52013038975703,95.52013038975703,95.52013038975703,95.52013038975703,95.52013038975703,95.52013038975703,95.52013038975703,95.06407846930087,93.92331177503624,92.87279894408576,92.87279894408576,92.12678363569232,91.42316043056928,90.58006222063985,89.7999102948619,89.7999102948619
ATWDL,0.0,0.0,0.0,0.0,0.0,0.0,0.0,0.0,0.0,0.0,0.0,0.0,0.0,0.0,0.0,0.0,0.0,0.0,0.0,0.0,0.0,0.0,0.0,0.0,157.46777371290057,142.1034104105507,131.65737825573993,128.90950357448202,123.06800475537443,118.46155131434688,115.27442328203884,113.44887602419081,112.18216883030357,110.51469043698725,108.95599108309283,108.95599108309283,106.33671085057175,104.0779181680692,102.1172594486165,100.36585682418574,98.7908641626825,97.37806958830839,96.11209771957932,94.97865926654984,94.97865926654984,94.97865926654984,94.97865926654984,94.97865926654984,94.97865926654984,94.97865926654984,94.97865926654984,94.97865926654984,94.97865926654984,94.97865926654984,94.97865926654984,94.97865926654984,94.97865926654984,94.97865926654984,94.97865926654984,94.97865926654984,94.97865926654984,94.97865926654984,94.97865926654984,94.97865926654984,94.97865926654984,94.97865926654984,94.97865926654984,94.97865926654984,94.56980849576829,93.54401774091868,92.59550324939714,92.59550324939714,91.9196800340648,91.28042329020059,90.51251150509681,89.7999588129716,89.7999588129716
ATPO,0.0,0.0,0.0,0.0,0.0,0.0,0.0,0.0,0.0,0.0,0.0,0.0,0.0,0.0,0.0,0.0,0.0,0.0,0.0,0.0,0.0,0.0,66.95424831085114,66.95424831085114,56.4627207684135,50.23253797697443,46.07716800788151,44.99893746689241,42.731771954175734,40.97117777387132,39.76834957416439,39.085691938231605,38.614815683182144,37.998355691448666,37.42645827371777,37.42645827371777,36.47421012489902,35.66249473682082,34.96611119429713,34.35053980459908,33.80265215880966,33.31591576615726,32.88417925436926,32.50111815130179,32.50111815130179,32.50111815130179,32.50111815130179,32.50111815130179,32.50111815130179,32.50111815130179,32.50111815130179,32.50111815130179,32.50111815130179,32.50111815130179,32.50111815130179,32.50111815130179,32.50111815130179,32.50111815130179,32.50111815130179,32.50111815130179,32.50111815130179,32.50111815130179,32.50111815130179,32.50111815130179,32.50111815130179,32.50111815130179,32.50111815130179,32.50111815130179,32.36380342308286,32.02139210455448,31.707579021273844,31.707579021273844,31.48571668930329,31.277191127397764,31.02865636967514,30.79995479377574,30.79995479377574
ATAL_s_2,0.0,0.0,0.0,0.0,0.0,0.0,0.0,0.0,0.0,0.0,0.0,0.0,0.0,0.0,0.0,0.0,0.0,0.0,0.0,0.0,0.0,164.3461159523394,153.49506724721658,153.49506724721658,135.21652810527578,123.13148747127528,114.55909257470225,112.26907417610649,107.3660701178222,103.4779354651977,100.78238152292735,99.23827447301778,98.16735198723725,96.75878796544075,95.44387367760127,95.44387367760127,93.23987796239292,91.34695312727713,89.71150641972518,88.25809426427419,86.9582353169919,85.79894765312514,84.76640214280297,83.84724112404626,83.84724112404626,83.84724112404626,83.84724112404626,83.84724112404626,83.84724112404626,83.84724112404626,83.84724112404626,83.84724112404626,83.84724112404626,83.84724112404626,83.84724112404626,83.84724112404626,83.84724112404626,83.84724112404626,83.84724112404626,83.84724112404626,83.84724112404626,83.84724112404626,83.84724112404626,83.84724112404626,83.84724112404626,83.84724112404626,83.84724112404626,83.84724112404626,83.51713983522802,82.6924645253637,81.93476541860527,81.93476541860527,81.39799239317811,80.89292605186652,80.28954944931509,79.73326634653726,79.73326634653726
ATAL_s_1,0.0,0.0,0.0,0.0,0.0,0.0,0.0,0.0,0.0,0.0,0.0,0.0,0.0,0.0,0.0,0.0,0.0,0.0,0.0,0.0,165.59856048306995,141.784130359905,135.60943166312444,135.60943166312444,124.03890372858271,115.55843331086106,109.13796438382394,107.36620268924062,103.49370458229028,100.34602203798977,98.12517880898818,96.83856724224033,95.9399793326846,94.7509468930865,93.63353834982388,93.63353834982388,91.74378281341143,90.10443128319876,88.67656807896044,87.39827775448461,86.24785406687465,85.21603464987557,84.29274363319959,83.46742530884042,83.46742530884042,83.46742530884042,83.46742530884042,83.46742530884042,83.46742530884042,83.46742530884042,83.46742530884042,83.46742530884042,83.46742530884042,83.46742530884042,83.46742530884042,83.46742530884042,83.46742530884042,83.46742530884042,83.46742530884042,83.46742530884042,83.46742530884042,83.46742530884042,83.46742530884042,83.46742530884042,83.46742530884042,83.46742530884042,83.46742530884042,83.46742530884042,83.17017741478148,82.42574876331544,81.73948975029013,81.73948975029013,81.25200901976697,80.79233145030621,80.24184016937558,79.73330032064473,79.73330032064473
ATAL,0.0,0.0,0.0,0.0,0.0,0.0,0.0,0.0,0.0,0.0,0.0,0.0,0.0,0.0,0.0,0.0,0.0,0.0,0.0,166.76287502149412,142.66554068518153,128.49922648153887,124.41717170188423,124.41717170188423,116.30165232006362,109.9666447630128,104.95429863247219,103.53889426370674,100.3962686835203,97.7939445148005,95.93181385086297,94.84355126074712,94.07952330690293,93.06301893270017,92.10237171691693,92.10237171691693,90.46583591560217,89.03464571745232,87.77903017481401,86.64803378918545,85.62451724025546,84.70240013635386,83.87359906994638,83.12997136783038,83.12997136783038,83.12997136783038,83.12997136783038,83.12997136783038,83.12997136783038,83.12997136783038,83.12997136783038,83.12997136783038,83.12997136783038,83.12997136783038,83.12997136783038,83.12997136783038,83.12997136783038,83.12997136783038,83.12997136783038,83.12997136783038,83.12997136783038,83.12997136783038,83.12997136783038,83.12997136783038,83.12997136783038,83.12997136783038,83.12997136783038,83.12997136783038,82.8615081687281,82.1876960612844,81.56468239049063,81.56468239049063,81.12095446932331,80.70183966151261,80.19896550701262,79.73332150924341,79.73332150924341
ATRT,0.0,0.0,0.0,0.0,0.0,0.0,0.0,0.0,0.0,0.0,0.0,0.0,0.0,0.0,0.0,0.0,0.0,0.0,99.61194651822859,83.93354232702046,75.02567512378701,69.1491221257056,67.3680647839092,67.3680647839092,63.71376682343867,60.758142283353195,58.35688557919583,57.66906934378292,56.12667914971418,54.834093988794294,53.90077150712386,53.35180258278934,52.96517517378472,52.44899266090323,51.95930938233799,51.95930938233799,51.121046924914225,50.38366134328443,49.73343498860995,49.14539116268095,48.61126015312193,48.12832300049242,47.69295409186758,47.30128581034508,47.30128581034508,47.30128581034508,47.30128581034508,47.30128581034508,47.30128581034508,47.30128581034508,47.30128581034508,47.30128581034508,47.30128581034508,47.30128581034508,47.30128581034508,47.30128581034508,47.30128581034508,47.30128581034508,47.30128581034508,47.30128581034508,47.30128581034508,47.30128581034508,47.30128581034508,47.30128581034508,47.30128581034508,47.30128581034508,47.30128581034508,47.30128581034508,47.15953331739112,46.80350927773308,46.47361348234609,46.47361348234609,46.238292289773604,46.015647458654,45.74811096897695,45.49999800143021,45.49999800143021
RNMUA,0.0,0.0,0.0,0.0,0.0,0.0,0.0,0.0,0.0,0.0,0.0,0.0,0.0,0.0,0.0,0.0,30.712157575253272,30.712157575253272,29.774335950684524,28.54100794999053,27.61377838221196,26.874358278850877,26.625468670318927,26.625468670318927,26.071719066151392,25.57482336286042,25.133497747978637,24.99999105128555,24.687942777742837,24.411621854853713,24.202870796187142,24.076043597244436,23.9849867588617,23.860937139790458,23.740510162986237,23.740510162986237,23.52773829425774,23.333107465703037,23.155178835305012,22.988645532008476,22.83238944963601,22.6866670653846,22.551248257290194,22.426124814572987,22.426124814572987,22.426124814572987,22.426124814572987,22.426124814572987,22.426124814572987,22.426124814572987,22.426124814572987,22.426124814572987,22.426124814572987,22.426124814572987,22.426124814572987,22.426124814572987,22.426124814572987,22.426124814572987,22.426124814572987,22.426124814572987,22.426124814572987,22.426124814572987,22.426124814572987,22.426124814572987,22.426124814572987,22.426124814572987,22.426124814572987,22.426124814572987,22.380022720888014,22.26200150926908,22.149757464759865,22.149757464759865,22.067871936342268,21.9889096767385,21.891987802852526,21.799973009097233,21.799973009097233
RNMUE,0.0,0.0,0.0,0.0,0.0,0.0,0.0,0.0,0.0,0.0,0.0,0.0,0.0,0.0,0.0,9.900000000000091,9.900000000000091,9.900000000000091,9.900000000000091,9.900000000000091,9.900000000000091,9.900000000000091,9.900000000000091,9.900000000000091,9.900000000000091,9.900000000000091,9.900000000000091,9.900000000000091,9.900000000000091,9.900000000000091,9.900000000000091,9.900000000000091,9.900000000000091,9.900000000000091,9.900000000000091,9.900000000000091,9.900000000000091,9.900000000000091,9.900000000000091,9.900000000000091,9.900000000000091,9.900000000000091,9.900000000000091,9.900000000000091,9.900000000000091,9.900000000000091,9.900000000000091,9.900000000000091,9.900000000000091,9.900000000000091,9.900000000000091,9.900000000000091,9.900000000000091,9.900000000000091,9.900000000000091,9.900000000000091,9.900000000000091,9.900000000000091,9.900000000000091,9.900000000000091,9.900000000000091,9.900000000000091,9.900000000000091,9.900000000000091,9.900000000000091,9.900000000000091,9.900000000000091,9.900000000000091,9.900000000000091,9.900000000000091,9.900000000000091,9.900000000000091,9.900000000000091,9.900000000000091,9.900000000000091,9.900000000000091,9.900000000000091
RNMUL,0.0,0.0,0.0,0.0,0.0,0.0,0.0,0.0,0.0,0.0,0.0,0.0,0.0,0.0,99.4462713653951,98.78306904232721,96.80831483963433,96.80831483963433,91.21060656464176,84.43180130757982,79.74034078448219,76.23564551102685,75.10058430675114,75.10058430675114,72.65586701989511,70.55501072580616,68.76023640702485,68.23052327179346,67.01605635189289,65.96872753931981,65.19481860457563,64.7325806676353,64.40356680158261,63.95994407658753,63.53436965325952,63.53436965325952,62.79464545511559,62.13204282248655,61.53801052827624,60.99227345477329,60.48934430254589,60.028395403694006,59.6075278984216,59.22428312796845,59.22428312796845,59.22428312796845,59.22428312796845,59.22428312796845,59.22428312796845,59.22428312796845,59.22428312796845,59.22428312796845,59.22428312796845,59.22428312796845,59.22428312796845,59.22428312796845,59.22428312796845,59.22428312796845,59.22428312796845,59.22428312796845,59.22428312796845,59.22428312796845,59.22428312796845,59.22428312796845,59.22428312796845,59.22428312796845,59.22428312796845,59.22428312796845,59.0846364027552,58.73090685964622,58.399586097890236,58.399586097890236,58.16106231123325,57.93363849807815,57.65801282071833,57.40000024264684,57.40000024264684
RNROY,0.0,0.0,0.0,0.0,0.0,0.0,0.0,0.0,0.0,0.0,0.0,0.0,0.0,30.40984537381219,28.74708868585872,28.6067301246157,28.183326104613776,28.183326104613776,26.941137071532438,25.347584245527052,24.183084723137476,23.276997517168525,22.976740914418365,22.976740914418365,22.31731141286763,21.736901318415107,21.2298596388182,21.07814344196933,20.726446689591594,20.41890086235309,20.188882878493217,20.0503267721601,19.951152441283035,19.81668354824502,19.68685400547682,19.68685400547682,19.459061431725168,19.25284547690867,19.06600593372642,18.892617529265966,18.731263162747663,18.581974882714505,18.444423325818395,18.317976230208686,18.317976230208686,18.317976230208686,18.317976230208686,18.317976230208686,18.317976230208686,18.317976230208686,18.317976230208686,18.317976230208686,18.317976230208686,18.317976230208686,18.317976230208686,18.317976230208686,18.317976230208686,18.317976230208686,18.317976230208686,18.317976230208686,18.317976230208686,18.317976230208686,18.317976230208686,18.317976230208686,18.317976230208686,18.317976230208686,18.317976230208686,18.317976230208686,18.271671222149752,18.15369425199606,18.042257705694297,18.042257705694297,17.96144188725133,17.883902569074202,17.789262758149427,17.69997212348029,17.69997212348029
RNROF,0.0,0.0,0.0,0.0,0.0,0.0,0.0,0.0,0.0,0.0,0.0,0.0,99.20623669798648,98.21938076078456,95.2713451664711,95.01340012924973,94.2270322477959,94.2270322477959,91.83770881607374,88.58354286244177,86.05707974965846,83.9975823658579,83.29537395513145,83.29537395513145,81.71764327341427,80.28536155676645,78.99910539271816,78.60757323053892,77.68811393322764,76.86876185931783,76.24683929053988,75.86824626268223,75.59538397202257,75.2228613386267,74.86034396957537,74.86034396957537,74.21774829550978,73.62759609126167,73.08613228851486,72.57752989652394,72.09896596705624,71.65135243209808,71.23464612998615,70.84819825436615,70.84819825436615,70.84819825436615,70.84819825436615,70.84819825436615,70.84819825436615,70.84819825436615,70.84819825436615,70.84819825436615,70.84819825436615,70.84819825436615,70.84819825436615,70.84819825436615,70.84819825436615,70.84819825436615,70.84819825436615,70.84819825436615,70.84819825436615,70.84819825436615,70.84819825436615,70.84819825436615,70.84819825436615,70.84819825436615,70.84819825436615,70.84819825436615,70.70557400792417,70.33987373618885,69.99129098876226,69.99129098876226,69.73650224911839,69.49041657970335,69.187827184194,68.89990353957339,68.89990353957339
RNROL,0.0,0.0,0.0,0.0,0.0,0.0,0.0,0.0,0.0,0.0,0.0,96.94930576470428,91.70130404048172,90.30611058419714,86.23467763915697,85.88471151252831,84.82575054182163,84.82575054182163,81.66963915800751,77.51740939362855,74.41049530569629,71.95267513892807,71.13026883596321,71.13026883596321,69.3114700298638,67.69450973023154,66.2711213507833,65.84322910497417,64.84835795651982,63.97367990359812,63.31737828790189,62.92109376329328,62.637012547890365,62.251260519871536,61.87820027849119,61.87820027849119,61.22263198841507,60.62709811078778,60.08615792967497,59.58330993858236,59.11449210111334,58.68000521116019,58.27907433579995,57.91038289388732,57.91038289388732,57.91038289388732,57.91038289388732,57.91038289388732,57.91038289388732,57.91038289388732,57.91038289388732,57.91038289388732,57.91038289388732,57.91038289388732,57.91038289388732,57.91038289388732,57.91038289388732,57.91038289388732,57.91038289388732,57.91038289388732,57.91038289388732,57.91038289388732,57.91038289388732,57.91038289388732,57.91038289388732,57.91038289388732,57.91038289388732,57.91038289388732,57.77508459924659,57.43010396490945,57.10390727273682,57.10390727273682,56.867030004359876,56.63972796029418,56.36209373394444,56.0999548232242,56.0999548232242
RNSOC,0.0,0.0,0.0,0.0,0.0,0.0,0.0,0.0,0.0,0.0,12.812711003175092,11.931181570414545,11.233310898578154,11.049184013908638,10.514518969441113,10.468900926105798,10.330927097893944,10.330927097893944,9.921640818016737,9.389462360013262,8.9957604581953,8.687461859642347,8.585105445987338,8.585105445987338,8.3600145437414,8.161517475801993,7.987939653844327,7.93609610361062,7.8160470767842956,7.711121848388842,7.632758414406217,7.585611900104308,7.55189609845843,7.506070896569208,7.462054867894424,7.462054867894424,7.385013324198204,7.315384058267972,7.252467158805256,7.194244369360826,7.1402226364399155,7.090394024036691,7.044627088364946,7.002623398053988,7.002623398053988,7.002623398053988,7.002623398053988,7.002623398053988,7.002623398053988,7.002623398053988,7.002623398053988,7.002623398053988,7.002623398053988,7.002623398053988,7.002623398053988,7.002623398053988,7.002623398053988,7.002623398053988,7.002623398053988,7.002623398053988,7.002623398053988,7.002623398053988,7.002623398053988,7.002623398053988,7.002623398053988,7.002623398053988,7.002623398053988,7.002623398053988,6.987305265879499,6.948364993801585,6.911706946483915,6.911706946483915,6.885202730945724,6.85984116749752,6.828982642648899,6.79997188919487,6.79997188919487
RNSOB,0.0,0.0,0.0,0.0,0.0,0.0,0.0,0.0,0.0,14.892136572862054,14.860173022260131,14.629704226332798,14.42051751505852,14.36065684384488,14.174113954258857,14.157265372167418,14.105330719981716,14.105330719981716,13.942145581502485,13.705974138387438,13.510672607100979,13.343034107528268,13.283825256541535,13.283825256541535,13.147742517692762,13.019637123014464,12.900670597593464,12.863684402057237,12.77534664651879,12.694825674933035,12.632497773976691,12.594033711319042,12.566060189874827,12.527522355996483,12.489625928990563,12.489625928990563,12.421467528071302,12.357576823296958,12.29810070942802,12.241326410491496,12.187039377256433,12.135486775815865,12.086791257606984,12.041001739162093,12.041001739162093,12.041001739162093,12.041001739162093,12.041001739162093,12.041001739162093,12.041001739162093,12.041001739162093,12.041001739162093,12.041001739162093,12.041001739162093,12.041001739162093,12.041001739162093,12.041001739162093,12.041001739162093,12.041001739162093,12.041001739162093,12.041001739162093,12.041001739162093,12.041001739162093,12.041001739162093,12.041001739162093,12.041001739162093,12.041001739162093,12.041001739162093,12.023944366428156,11.979806280554126,11.937179413615656,11.937179413615656,11.905667168576487,11.874936885785099,11.83674098229544,11.79997517389872,11.79997517389872
RBMH,0.0,0.0,0.0,0.0,0.0,0.0,0.0,0.0,42.39205119905512,42.219658536061445,42.07380303710778,41.03834923533972,40.12248570365657,39.86471042061593,39.0741661795912,39.00351468790865,38.78664090809267,38.78664090809267,38.114034968551266,37.16391118738064,36.399168470787956,35.757552169275094,35.53499415145975,35.53499415145975,35.02769568584161,34.558549898196986,34.129992899479184,33.99815601769173,33.68597031955464,33.40472673405526,33.189048809980505,33.05702101609182,32.9614594489695,32.83044162889047,32.70232214705199,32.70232214705199,32.473694026969525,32.261977056638045,32.06622278091638,31.881053979602658,31.705557633387336,31.540326282872044,31.385539841934975,31.24102167814475,31.24102167814475,31.24102167814475,31.24102167814475,31.24102167814475,31.24102167814475,31.24102167814475,31.24102167814475,31.24102167814475,31.24102167814475,31.24102167814475,31.24102167814475,31.24102167814475,31.24102167814475,31.24102167814475,31.24102167814475,31.24102167814475,31.24102167814475,31.24102167814475,31.24102167814475,31.24102167814475,31.24102167814475,31.24102167814475,31.24102167814475,31.24102167814475,31.1875277382065,31.04983519540645,30.917865274263242,30.917865274263242,30.820949289628345,30.72697069822406,30.6109013830491,30.49996183779259,30.49996183779259
RBMDC,0.0,0.0,0.0,0.0,0.0,0.0,24.366633546648032,24.366633546648032,23.73560872763621,23.528037490328614,23.35425209829845,22.16681351364312,21.18130907984247,20.914220891709462,20.121553746309555,20.052674911467722,19.84314842958389,19.84314842958389,19.211229525988305,18.36291711922099,17.715824338963216,17.196890305740098,17.021777033350975,17.021777033350975,16.63174503680162,16.28244177985336,15.972638367761894,15.879099727276412,15.66089670656616,15.468110054205315,15.323066160116223,15.235275603508743,15.1722447887821,15.086526656284903,15.003487214401005,15.003487214401005,14.857229804729869,14.723998884731502,14.602711501027251,14.489547467511809,14.38396687271771,14.285924993266857,14.195291524015682,14.111808622039682,14.111808622039682,14.111808622039682,14.111808622039682,14.111808622039682,14.111808622039682,14.111808622039682,14.111808622039682,14.111808622039682,14.111808622039682,14.111808622039682,14.111808622039682,14.111808622039682,14.111808622039682,14.111808622039682,14.111808622039682,14.111808622039682,14.111808622039682,14.111808622039682,14.111808622039682,14.111808622039682,14.111808622039682,14.111808622039682,14.111808622039682,14.111808622039682,14.08113990425787,14.00286174119225,13.928740787682912,13.928740787682912,13.874877595761832,13.823112579683674,13.759819371892174,13.699992476560563,13.699992476560563
RBMDL,0.0,0.0,0.0,0.0,0.0,66.3735706577192,65.97338478452097,65.97338478452097,65.30814207408251,65.08286085918022,64.89144929350117,63.522342006085466,62.29315461473119,61.943860070113445,60.863702319912505,60.766557601687,60.46769664188001,60.46769664188001,59.534420573222214,58.19961937708633,57.110209805167344,56.18617417250898,55.863408796919686,55.863408796919686,55.123511406000944,54.43336697250403,53.797936351782646,53.60157335741261,53.13475566766007,52.71194843468664,52.386463982219496,52.186388196080266,52.04126170715536,51.84185717279348,51.64637399268916,51.64637399268916,51.296307404033655,50.97053928874482,50.66823468294891,50.38111589409354,50.10792028259269,49.84971989043209,49.60694896441667,49.379672579212496,49.379672579212496,49.379672579212496,49.379672579212496,49.379672579212496,49.379672579212496,49.379672579212496,49.379672579212496,49.379672579212496,49.379672579212496,49.379672579212496,49.379672579212496,49.379672579212496,49.379672579212496,49.379672579212496,49.379672579212496,49.379672579212496,49.379672579212496,49.379672579212496,49.379672579212496,49.379672579212496,49.379672579212496,49.379672579212496,49.379672579212496,49.379672579212496,49.29526016999978,49.077474777765815,48.868035385667106,48.868035385667106,48.71377497056892,48.56381429761067,48.37807961006595,48.19999660676285,48.19999660676285
RBMVU_s_1,0.0,0.0,0.0,0.0,74.71995551504286,73.52078227282408,73.10535669008547,73.10535669008547,72.41327462720298,72.17868362723196,71.97957289493452,70.54919150519149,69.25972100851624,68.89239890531823,67.7540732110111,67.65150746190184,67.33578232790097,67.33578232790097,66.34804237790138,64.93066937473709,63.76990510979104,62.782534065385775,62.43705724615336,62.43705724615336,61.64396114283935,60.90257832767145,60.2192099737411,60.00772960965606,59.504545942607656,59.04828599970271,58.69671818853591,58.480467008524016,58.3235402800361,58.107830228584916,57.89625929112264,57.89625929112264,57.51712994095258,57.164048700286486,56.83612485639616,56.52445460395806,56.22770109396047,55.947060339657725,55.68303536047963,55.43572632108179,55.43572632108179,55.43572632108179,55.43572632108179,55.43572632108179,55.43572632108179,55.43572632108179,55.43572632108179,55.43572632108179,55.43572632108179,55.43572632108179,55.43572632108179,55.43572632108179,55.43572632108179,55.43572632108179,55.43572632108179,55.43572632108179,55.43572632108179,55.43572632108179,55.43572632108179,55.43572632108179,55.43572632108179,55.43572632108179,55.43572632108179,55.43572632108179,55.343840477377846,55.10669096040804,54.87851774937201,54.87851774937201,54.7103893755845,54.54689079880802,54.34431176008547,54.14999876635574,54.14999876635574
RBMVU,0.0,0.0,0.0,74.95647152186433,73.60748672061217,72.50305552709072,72.11963018139397,72.11963018139397,71.48005573007933,71.26284522317482,71.0783665493437,69.74989218464992,68.54726317237126,68.2039657185952,67.13800937035212,67.04177069168361,66.74535006749338,66.74535006749338,65.81633900255164,64.47867839550959,63.37986041468971,62.44235694870345,62.11377090788373,62.11377090788373,61.358369383473764,60.65090803583275,59.99762982365907,59.795242791179234,59.31328327251451,58.87577025107265,58.538327231191744,58.33062658587927,58.179839341476,57.97247917443835,57.7689977398978,57.7689977398978,57.40396589044863,57.064042443906686,56.74793389501522,56.447278446487154,56.16081913858764,55.88974106914999,55.63456030998338,55.39540234670472,55.39540234670472,55.39540234670472,55.39540234670472,55.39540234670472,55.39540234670472,55.39540234670472,55.39540234670472,55.39540234670472,55.39540234670472,55.39540234670472,55.39540234670472,55.39540234670472,55.39540234670472,55.39540234670472,55.39540234670472,55.39540234670472,55.39540234670472,55.39540234670472,55.39540234670472,55.39540234670472,55.39540234670472,55.39540234670472,55.39540234670472,55.39540234670472,55.30651228244109,55.077013094488436,54.85609014970592,54.85609014970592,54.693235072789044,54.53480863268521,54.338437876859004,54.14989414029734,54.14989414029734
RBMVL,0.0,69.86710400910862,69.86710400910862,68.16881379298599,66.64428626357184,65.41220828711684,64.9878575533549,64.9878575533549,64.28393545465738,64.04598971488281,63.844347097736524,62.40445237386397,61.11965587535659,60.75615999649146,59.63688695614172,59.53653970505813,59.228203708307035,59.228203708307035,58.26890113335189,56.907994986023795,55.80761424847257,54.881656508766056,54.56013150545209,54.56013150545209,53.82680861429675,53.147736383129185,52.52714791108774,52.336219850963026,51.884137343786904,51.47682451835197,51.16494552283861,50.97392023622773,50.83569422051153,50.64624077160642,50.46105190223642,50.46105190223642,50.130793555756625,49.82524290684378,49.54300743522481,49.27631764563696,49.023845024480195,48.786424786171914,48.56419131288094,48.35725010085343,48.35725010085343,48.35725010085343,48.35725010085343,48.35725010085343,48.35725010085343,48.35725010085343,48.35725010085343,48.35725010085343,48.35725010085343,48.35725010085343,48.35725010085343,48.35725010085343,48.35725010085343,48.35725010085343,48.35725010085343,48.35725010085343,48.35725010085343,48.35725010085343,48.35725010085343,48.35725010085343,48.35725010085343,48.35725010085343,48.35725010085343,48.35725010085343,48.280642333039964,48.083640673624984,47.89509299699063,47.89509299699063,47.75680521823434,47.622861330503326,47.45765187602978,47.29998480473277,47.29998480473277
RBSHR,39.990242270609556,38.562851987981446,38.562851987981446,37.23090794449657,36.06332745164325,35.13992762528692,34.82580556629964,34.82580556629964,34.30892988923145,34.13562873310191,33.98926935447078,32.95748422076302,32.05643693101526,31.804929121902887,31.039799196949847,30.97188949778386,30.7639325856467,30.7639325856467,30.12372031591076,29.233492726871773,28.52892917235971,27.947336924762133,27.747673030165487,27.747673030165487,27.29689567512488,26.885269677325773,26.51393811591834,26.40073078222263,26.13452917968844,25.897038027081447,25.716595542835698,25.606721854928878,25.527527499391866,25.419410990386396,25.314211494515533,25.314211494515533,25.12780780834369,24.956643789149894,24.79989121595492,24.652876698917176,24.514712846330525,24.385708320758074,24.265839250398095,24.154899403085757,24.154899403085757,24.154899403085757,24.154899403085757,24.154899403085757,24.154899403085757,24.154899403085757,24.154899403085757,24.154899403085757,24.154899403085757,24.154899403085757,24.154899403085757,24.154899403085757,24.154899403085757,24.154899403085757,24.154899403085757,24.154899403085757,24.154899403085757,24.154899403085757,24.154899403085757,24.154899403085757,24.154899403085757,24.154899403085757,24.154899403085757,24.154899403085757,24.114015566908694,24.009348654088065,23.909817784636523,23.909817784636523,23.837228423183888,23.76725747442073,23.681422203645205,23.599923413070204,23.599923413070204
