strat_unit,249.3,248.7,248.5,248.0,247.8,247.6,247.2,246.2,246.0,245.5,245.0,244.7,244.0,240.7,238.9,237.0,233.5,213.6,211.4,207.2,203.6,199.6,191.3,183.0,177.6,170.6,170.1,168.2,165.4,164.7,164.0,163.93464447806355,163.70771558245085,163.48078668683814,163.25385779122544,163.02692889561274,162.8,85.8,82.84,79.88000000000001,76.92,73.96000000000001,71.0,65.5,61.7,58.8,58.4,58.0,57.8,37.2,32.8,28.399999999999995,23.0,22.4,17.6,15.530000000000001,13.46,11.39,9.32,7.25,5.33,4.886666666666667,4.443333333333333,4.0,2.59,1.7266666666666666,0.8633333333333333,0.0
NUCT_s_2,0.0,0.0,0.0,0.0,0.0,0.0,0.0,0.0,0.0,0.0,0.0,0.0,0.0,0.0,0.0,0.0,0.0,0.0,0.0,0.0,0.0,0.0,0.0,0.0,0.0,0.0,0.0,0.0,0.0,0.0,0.0,0.0,0.0,0.0,0.0,0.0,0.0,0.0,0.0,0.0,0.0,0.0,0.0,0.0,0.0,0.0,0.0,0.0,0.0,0.0,0.0,0.0,0.0,0.0,0.0,0.0,0.0,0.0,0.0,0.0,0.0,0.0,0.0,0.0,0.0,0.0,0.0,81.99956399379775
NUCT_s_1,0.0,0.0,0.0,0.0,0.0,0.0,0.0,0.0,0.0,0.0,0.0,0.0,0.0,0.0,0.0,0.0,0.0,0.0,0.0,0.0,0.0,0.0,0.0,0.0,0.0,0.0,0.0,0.0,0.0,0.0,0.0,0.0,0.0,0.0,0.0,0.0,0.0,0.0,0.0,0.0,0.0,0.0,0.0,0.0,0.0,0.0,0.0,0.0,0.0,0.0,0.0,0.0,0.0,0.0,0.0,0.0,0.0,0.0,0.0,0.0,0.0,0.0,0.0,0.0,0.0,0.0,83.47954803040793,81.99971600847113
NUCT,0.0,0.0,0.0,0.0,0.0,0.0,0.0,0.0,0.0,0.0,0.0,0.0,0.0,0.0,0.0,0.0,0.0,0.0,0.0,0.0,0.0,0.0,0.0,0.0,0.0,0.0,0.0,0.0,0.0,0.0,0.0,0.0,0.0,0.0,0.0,0.0,0.0,0.0,0.0,0.0,0.0,0.0,0.0,0.0,0.0,0.0,0.0,0.0,0.0,0.0,0.0,0.0,0.0,0.0,0.0,0.0,0.0,0.0,0.0,0.0,0.0,0.0,0.0,0.0,0.0,84.9059865508942,83.3756054453277,81.99981688217562
NUOT_s_2,0.0,0.0,0.0,0.0,0.0,0.0,0.0,0.0,0.0,0.0,0.0,0.0,0.0,0.0,0.0,0.0,0.0,0.0,0.0,0.0,0.0,0.0,0.0,0.0,0.0,0.0,0.0,0.0,0.0,0.0,0.0,0.0,0.0,0.0,0.0,0.0,0.0,0.0,0.0,0.0,0.0,0.0,0.0,0.0,0.0,0.0,0.0,0.0,0.0,0.0,0.0,0.0,0.0,0.0,0.0,0.0,0.0,0.0,0.0,0.0,0.0,0.0,0.0,81.0287949230212,81.0287949230212,79.54178594840445,78.20584428020234,76.99959144703166
NUOT_s_1,0.0,0.0,0.0,0.0,0.0,0.0,0.0,0.0,0.0,0.0,0.0,0.0,0.0,0.0,0.0,0.0,0.0,0.0,0.0,0.0,0.0,0.0,0.0,0.0,0.0,0.0,0.0,0.0,0.0,0.0,0.0,0.0,0.0,0.0,0.0,0.0,0.0,0.0,0.0,0.0,0.0,0.0,0.0,0.0,0.0,0.0,0.0,0.0,0.0,0.0,0.0,0.0,0.0,0.0,0.0,0.0,0.0,0.0,0.0,0.0,0.0,0.0,82.20121781870532,80.7599113244825,80.7599113244825,79.37728777705713,78.12998579199625,76.99971916656514
NUOT,0.0,0.0,0.0,0.0,0.0,0.0,0.0,0.0,0.0,0.0,0.0,0.0,0.0,0.0,0.0,0.0,0.0,0.0,0.0,0.0,0.0,0.0,0.0,0.0,0.0,0.0,0.0,0.0,0.0,0.0,0.0,0.0,0.0,0.0,0.0,0.0,0.0,0.0,0.0,0.0,0.0,0.0,0.0,0.0,0.0,0.0,0.0,0.0,0.0,0.0,0.0,0.0,0.0,0.0,0.0,0.0,0.0,0.0,0.0,0.0,0.0,83.33381722229895,81.85297116699783,80.51547743513015,80.51547743513015,79.2271313272648,78.06027037654987,76.99980903878615
NUBA_s_4,0.0,0.0,0.0,0.0,0.0,0.0,0.0,0.0,0.0,0.0,0.0,0.0,0.0,0.0,0.0,0.0,0.0,0.0,0.0,0.0,0.0,0.0,0.0,0.0,0.0,0.0,0.0,0.0,0.0,0.0,0.0,0.0,0.0,0.0,0.0,0.0,0.0,0.0,0.0,0.0,0.0,0.0,0.0,0.0,0.0,0.0,0.0,0.0,0.0,0.0,0.0,0.0,0.0,0.0,0.0,0.0,0.0,0.0,0.0,106.72844328443878,106.72844328443878,104.3414181820703,102.2117512742586,100.30085102829631,100.30085102829631,98.47234055427776,96.82691080117412,95.3397251313284
NUBA_s_3,0.0,0.0,0.0,0.0,0.0,0.0,0.0,0.0,0.0,0.0,0.0,0.0,0.0,0.0,0.0,0.0,0.0,0.0,0.0,0.0,0.0,0.0,0.0,0.0,0.0,0.0,0.0,0.0,0.0,0.0,0.0,0.0,0.0,0.0,0.0,0.0,0.0,0.0,0.0,0.0,0.0,0.0,0.0,0.0,0.0,0.0,0.0,0.0,0.0,0.0,0.0,0.0,0.0,0.0,0.0,0.0,0.0,0.0,108.69555432523892,105.62099834816101,105.62099834816101,103.49728768691514,101.58858756286071,99.8648008729707,99.8648008729707,98.20515847696824,96.7033363925664,95.3398443209463
NUBA_s_2,0.0,0.0,0.0,0.0,0.0,0.0,0.0,0.0,0.0,0.0,0.0,0.0,0.0,0.0,0.0,0.0,0.0,0.0,0.0,0.0,0.0,0.0,0.0,0.0,0.0,0.0,0.0,0.0,0.0,0.0,0.0,0.0,0.0,0.0,0.0,0.0,0.0,0.0,0.0,0.0,0.0,0.0,0.0,0.0,0.0,0.0,0.0,0.0,0.0,0.0,0.0,0.0,0.0,0.0,0.0,0.0,0.0,110.5708275504341,107.39161277614215,104.66278461427862,104.66278461427862,102.76212059870517,101.04233285288187,99.47991987340797,99.47991987340797,97.96805069307877,96.59349306771145,95.33991716066478
NUBA_s_1,0.0,0.0,0.0,0.0,0.0,0.0,0.0,0.0,0.0,0.0,0.0,0.0,0.0,0.0,0.0,0.0,0.0,0.0,0.0,0.0,0.0,0.0,0.0,0.0,0.0,0.0,0.0,0.0,0.0,0.0,0.0,0.0,0.0,0.0,0.0,0.0,0.0,0.0,0.0,0.0,0.0,0.0,0.0,0.0,0.0,0.0,0.0,0.0,0.0,0.0,0.0,0.0,0.0,0.0,0.0,0.0,112.35859548071986,109.07816304362257,106.26528690486822,103.82781646882006,103.82781646882006,102.1171196758778,100.56014484294717,99.13899576347288,99.13899576347288,97.75705095419681,96.49519906328595,95.3397306476347
NUBA,0.0,0.0,0.0,0.0,0.0,0.0,0.0,0.0,0.0,0.0,0.0,0.0,0.0,0.0,0.0,0.0,0.0,0.0,0.0,0.0,0.0,0.0,0.0,0.0,0.0,0.0,0.0,0.0,0.0,0.0,0.0,0.0,0.0,0.0,0.0,0.0,0.0,0.0,0.0,0.0,0.0,0.0,0.0,0.0,0.0,0.0,0.0,0.0,0.0,0.0,0.0,0.0,0.0,0.0,0.0,114.06298204246485,110.68474891922264,107.79087773451246,105.28501383708718,103.09490135141532,103.09490135141532,101.54760060400058,100.13274550956228,98.83522656488668,98.83522656488668,97.56825211697539,96.40670062071415,95.33983836761183
NMVFO,0.0,0.0,0.0,0.0,0.0,0.0,0.0,0.0,0.0,0.0,0.0,0.0,0.0,0.0,0.0,0.0,0.0,0.0,0.0,0.0,0.0,0.0,0.0,0.0,0.0,0.0,0.0,0.0,0.0,0.0,0.0,0.0,0.0,0.0,0.0,0.0,0.0,0.0,0.0,0.0,0.0,0.0,0.0,0.0,0.0,0.0,0.0,0.0,0.0,0.0,0.0,0.0,0.0,118.3456224392807,118.3456224392807,110.167918534629,103.77220506438627,98.64512190946678,94.45278242507783,90.96929218106577,90.96929218106577,88.60605873956709,86.5140356349973,84.65224494288671,84.65224494288671,82.8855678114027,81.31042689696248,79.8999614743905
NMRF_s_1,0.0,0.0,0.0,0.0,0.0,0.0,0.0,0.0,0.0,0.0,0.0,0.0,0.0,0.0,0.0,0.0,0.0,0.0,0.0,0.0,0.0,0.0,0.0,0.0,0.0,0.0,0.0,0.0,0.0,0.0,0.0,0.0,0.0,0.0,0.0,0.0,0.0,0.0,0.0,0.0,0.0,0.0,0.0,0.0,0.0,0.0,0.0,0.0,0.0,0.0,0.0,124.02114315972506,124.02114315972506,109.73842407718783,109.73842407718783,100.2063145123586,92.98403037903975,87.36482701888175,82.89506933973368,79.2733242364883,79.2733242364883,76.86792495617037,74.77426978123505,72.94134170898508,72.94134170898508,71.22949589474534,69.7262587300213,68.39994072166509
NMRF,0.0,0.0,0.0,0.0,0.0,0.0,0.0,0.0,0.0,0.0,0.0,0.0,0.0,0.0,0.0,0.0,0.0,0.0,0.0,0.0,0.0,0.0,0.0,0.0,0.0,0.0,0.0,0.0,0.0,0.0,0.0,0.0,0.0,0.0,0.0,0.0,0.0,0.0,0.0,0.0,0.0,0.0,0.0,0.0,0.0,0.0,0.0,0.0,0.0,0.0,126.11591995048153,111.04484620511653,111.04484620511653,101.64799248691436,101.64799248691436,94.77265944407615,89.23998980823188,84.7450530305958,81.05282916484849,77.98720484306544,77.98720484306544,75.91471317888123,74.08842673382306,72.47207871272042,72.47207871272042,70.94811640895836,69.59902780113315,68.39998495241389
NLLFC,0.0,0.0,0.0,0.0,0.0,0.0,0.0,0.0,0.0,0.0,0.0,0.0,0.0,0.0,0.0,0.0,0.0,0.0,0.0,0.0,0.0,0.0,0.0,0.0,0.0,0.0,0.0,0.0,0.0,0.0,0.0,0.0,0.0,0.0,0.0,0.0,0.0,0.0,0.0,0.0,0.0,0.0,0.0,0.0,0.0,0.0,0.0,0.0,69.98450957678745,69.98450957678745,63.65727949132804,59.39167287327419,59.39167287327419,56.34568163910244,56.34568163910244,53.90444918852699,51.79710808585374,49.98410661032683,48.42182958949506,47.07169407491024,47.07169407491024,46.129915550380346,45.27992015924502,44.5110567685368,44.5110567685368,43.771309592331505,43.10354302257438,42.49986795578469
NLLFG,0.0,0.0,0.0,0.0,0.0,0.0,0.0,0.0,0.0,0.0,0.0,0.0,0.0,0.0,0.0,0.0,0.0,0.0,0.0,0.0,0.0,0.0,0.0,0.0,0.0,0.0,0.0,0.0,0.0,0.0,0.0,0.0,0.0,0.0,0.0,0.0,0.0,0.0,0.0,0.0,0.0,0.0,0.0,0.0,0.0,0.0,0.0,15.550190149054965,14.65762405892579,14.65762405892579,13.43460709356043,12.595466560087274,12.595466560087274,11.990892801570938,11.990892801570938,11.50284843250694,11.079869606180392,10.714433089617561,10.399056047270413,10.125786784123568,10.125786784123568,9.935235935421817,9.763086349447041,9.607326610797646,9.607326610797646,9.457304957393921,9.322131032241666,9.19991520936083
NLLFS,0.0,0.0,0.0,0.0,0.0,0.0,0.0,0.0,0.0,0.0,0.0,0.0,0.0,0.0,0.0,0.0,0.0,0.0,0.0,0.0,0.0,0.0,0.0,0.0,0.0,0.0,0.0,0.0,0.0,0.0,0.0,0.0,0.0,0.0,0.0,0.0,0.0,0.0,0.0,0.0,0.0,0.0,0.0,0.0,0.0,0.0,12.608091025835549,12.539960293396549,12.252421347241476,12.252421347241476,11.810448189263415,11.46956057656396,11.46956057656396,11.200577501484117,11.200577501484117,10.967782995327985,10.752747626443107,10.555852567460738,10.376963644413427,10.214505763227896,10.214505763227896,10.09654924066079,9.986498816531455,9.883646595519467,9.883646595519467,9.78198449877274,9.687576792824878,9.59987868624509
CKHM,0.0,0.0,0.0,0.0,0.0,0.0,0.0,0.0,0.0,0.0,0.0,0.0,0.0,0.0,0.0,0.0,0.0,0.0,0.0,0.0,0.0,0.0,0.0,0.0,0.0,0.0,0.0,0.0,0.0,0.0,0.0,0.0,0.0,0.0,0.0,0.0,0.0,0.0,0.0,0.0,0.0,0.0,0.0,0.0,10.984172957994236,10.984172957994236,10.88195373647352,10.7603140290621,10.266190224788183,10.266190224788183,9.565234380366572,9.067711269804715,9.067711269804715,8.700387155107133,8.700387155107133,8.398178352508417,8.132258647941178,7.899165524148178,7.695730997023807,7.51767565080088,7.51767565080088,7.392315979950725,7.278123433189006,7.174367005762713,7.174367005762713,7.073931315203918,6.982788345538204,6.899954148921268
+ATBRM_a_4,0.0,0.0,0.0,0.0,0.0,0.0,0.0,0.0,0.0,0.0,0.0,0.0,0.0,0.0,0.0,0.0,0.0,0.0,0.0,0.0,0.0,0.0,0.0,0.0,0.0,0.0,0.0,0.0,0.0,0.0,0.0,0.0,0.0,0.0,0.0,0.0,99.99966305260268,99.99966305260268,0.0,0.0,0.0,0.0,0.0,0.0,0.0,0.0,0.0,0.0,0.0,0.0,0.0,0.0,0.0,0.0,0.0,0.0,0.0,0.0,0.0,0.0,0.0,0.0,0.0,0.0,0.0,0.0,0.0,0.0
+ATBRM_a_3,0.0,0.0,0.0,0.0,0.0,0.0,0.0,0.0,0.0,0.0,0.0,0.0,0.0,0.0,0.0,0.0,0.0,0.0,0.0,0.0,0.0,0.0,0.0,0.0,0.0,0.0,0.0,0.0,0.0,0.0,0.0,0.0,0.0,0.0,0.0,104.56503807136865,99.99966749748947,99.99966749748947,99.99966749748947,0.0,0.0,0.0,0.0,0.0,0.0,0.0,0.0,0.0,0.0,0.0,0.0,0.0,0.0,0.0,0.0,0.0,0.0,0.0,0.0,0.0,0.0,0.0,0.0,0.0,0.0,0.0,0.0,0.0
+ATBRM_a_2,0.0,0.0,0.0,0.0,0.0,0.0,0.0,0.0,0.0,0.0,0.0,0.0,0.0,0.0,0.0,0.0,0.0,0.0,0.0,0.0,0.0,0.0,0.0,0.0,0.0,0.0,0.0,0.0,0.0,0.0,0.0,0.0,0.0,0.0,108.82536099706152,103.88896069013133,99.99961718328404,99.99961718328404,99.99961718328404,99.99961718328404,0.0,0.0,0.0,0.0,0.0,0.0,0.0,0.0,0.0,0.0,0.0,0.0,0.0,0.0,0.0,0.0,0.0,0.0,0.0,0.0,0.0,0.0,0.0,0.0,0.0,0.0,0.0,0.0
+ATBRM_a_1,0.0,0.0,0.0,0.0,0.0,0.0,0.0,0.0,0.0,0.0,0.0,0.0,0.0,0.0,0.0,0.0,0.0,0.0,0.0,0.0,0.0,0.0,0.0,0.0,0.0,0.0,0.0,0.0,0.0,0.0,0.0,0.0,0.0,112.80158293083896,107.5080822499126,103.34739831253893,99.99985410414311,99.99985410414311,99.99985410414311,99.99985410414311,99.99985410414311,0.0,0.0,0.0,0.0,0.0,0.0,0.0,0.0,0.0,0.0,0.0,0.0,0.0,0.0,0.0,0.0,0.0,0.0,0.0,0.0,0.0,0.0,0.0,0.0,0.0,0.0,0.0
+ATBRM_a_0,0.0,0.0,0.0,0.0,0.0,0.0,0.0,0.0,0.0,0.0,0.0,0.0,0.0,0.0,0.0,0.0,0.0,0.0,0.0,0.0,0.0,0.0,0.0,0.0,0.0,0.0,0.0,0.0,0.0,0.0,0.0,0.0,116.51313863031781,110.87706045330162,106.45825831373051,102.9068432563877,99.99977495911821,99.99977495911821,99.99977495911821,99.99977495911821,99.99977495911821,99.99977495911821,0.0,0.0,0.0,0.0,0.0,0.0,0.0,0.0,0.0,0.0,0.0,0.0,0.0,0.0,0.0,0.0,0.0,0.0,0.0,0.0,0.0,0.0,0.0,0.0,0.0,0.0
ATBRM,0.0,0.0,0.0,0.0,0.0,0.0,0.0,0.0,0.0,0.0,0.0,0.0,0.0,0.0,0.0,0.0,0.0,0.0,0.0,0.0,0.0,0.0,0.0,0.0,0.0,0.0,0.0,0.0,0.0,0.0,0.0,40.886501628437486,38.73262623198287,37.06318619864162,35.7323910605609,34.64862720585751,33.75301046590933,33.75301046590933,33.75301046590933,33.75301046590933,33.75301046590933,33.75301046590933,33.75301046590933,33.75301046590933,33.75301046590933,33.75301046590933,33.75301046590933,33.75301046590933,33.75301046590933,33.75301046590933,33.75301046590933,33.75301046590933,33.75301046590933,33.75301046590933,33.75301046590933,33.71348686345182,32.898841526811005,32.16706955981168,31.51265205721578,30.927817833952226,30.927817833952226,30.508727299461324,30.122361964748244,29.765893560283104,29.765893560283104,29.41639762953806,29.09527002135312,28.799799146877085
ATBR2,0.0,0.0,0.0,0.0,0.0,0.0,0.0,0.0,0.0,0.0,0.0,0.0,0.0,0.0,0.0,0.0,0.0,0.0,0.0,0.0,0.0,0.0,0.0,0.0,0.0,0.0,0.0,0.0,0.0,0.0,23.4653402025935,22.998609594288364,21.844337075266118,20.943058332459593,20.219858232583015,19.628740524897502,19.138041919569712,19.138041919569712,19.138041919569712,19.138041919569712,19.138041919569712,19.138041919569712,19.138041919569712,19.138041919569712,19.138041919569712,19.138041919569712,19.138041919569712,19.138041919569712,19.138041919569712,19.138041919569712,19.138041919569712,19.138041919569712,19.138041919569712,19.138041919569712,19.138041919569712,19.116369634191216,18.668997895485667,18.266168230130436,17.904754532965423,17.58140579208307,17.58140579208307,17.349424849131168,17.135163247272683,16.93726325561689,16.93726325561689,16.74286440874477,16.564273001246338,16.399895652136458
ATBRL,0.0,0.0,0.0,0.0,0.0,0.0,0.0,0.0,0.0,0.0,0.0,0.0,0.0,0.0,0.0,0.0,0.0,0.0,0.0,0.0,0.0,0.0,0.0,0.0,0.0,0.0,0.0,0.0,0.0,111.96487838658447,110.75707326070236,108.77491179470067,103.81381699438437,99.88386610858723,96.69783064288319,94.07089212861624,91.87678939803075,91.87678939803075,91.87678939803075,91.87678939803075,91.87678939803075,91.87678939803075,91.87678939803075,91.87678939803075,91.87678939803075,91.87678939803075,91.87678939803075,91.87678939803075,91.87678939803075,91.87678939803075,91.87678939803075,91.87678939803075,91.87678939803075,91.87678939803075,91.87678939803075,91.7795239142294,89.76624624830615,87.9445773736091,86.30398278198993,84.82961620230415,84.82961620230415,83.76872511301596,82.78656423599202,81.87729856772094,81.87729856772094,80.98329739561663,80.15949146290268,79.3999736323773
ATWDU,0.0,0.0,0.0,0.0,0.0,0.0,0.0,0.0,0.0,0.0,0.0,0.0,0.0,0.0,0.0,0.0,0.0,0.0,0.0,0.0,0.0,0.0,0.0,0.0,0.0,0.0,0.0,151.29197954014893,151.29197954014893,137.3584885757004,134.99730498277864,131.18502071806148,121.98779837767259,115.05585709005936,109.66932444810746,105.38584137560943,101.91955117113764,101.91955117113764,101.91955117113764,101.91955117113764,101.91955117113764,101.91955117113764,101.91955117113764,101.91955117113764,101.91955117113764,101.91955117113764,101.91955117113764,101.91955117113764,101.91955117113764,101.91955117113764,101.91955117113764,101.91955117113764,101.91955117113764,101.91955117113764,101.91955117113764,101.76821153860735,98.68057249226362,95.96191675963388,93.57516408800115,91.48091639483815,91.48091639483815,90.00417702918747,88.65995157776148,87.43555155067128,87.43555155067128,86.25071269079997,85.17600317543874,84.20000742644785
ATWDM,0.0,0.0,0.0,0.0,0.0,0.0,0.0,0.0,0.0,0.0,0.0,0.0,0.0,0.0,0.0,0.0,0.0,0.0,0.0,0.0,0.0,0.0,0.0,0.0,0.0,0.0,71.78070101857118,69.0545580550436,69.0545580550436,67.47922830182357,67.17598710802292,66.66065264445835,65.26838443798287,64.05324013914233,62.98815366971149,62.05174716734456,61.22613008455042,61.22613008455042,61.22613008455042,61.22613008455042,61.22613008455042,61.22613008455042,61.22613008455042,61.22613008455042,61.22613008455042,61.22613008455042,61.22613008455042,61.22613008455042,61.22613008455042,61.22613008455042,61.22613008455042,61.22613008455042,61.22613008455042,61.22613008455042,61.22613008455042,61.18856009852432,60.391658429611255,59.637254652146204,58.92935115392494,58.26816941693387,58.26816941693387,57.77690805958485,57.30987286160674,56.86655398432249,56.86655398432249,56.41949524028405,55.99771886620838,55.59985614764434
ATWDL,0.0,0.0,0.0,0.0,0.0,0.0,0.0,0.0,0.0,0.0,0.0,0.0,0.0,0.0,0.0,0.0,0.0,0.0,0.0,0.0,0.0,0.0,0.0,0.0,0.0,99.69553354395485,94.5627959934664,86.02631990134483,86.02631990134483,81.6205571676234,80.81275159117246,79.46854138180484,76.0095623019631,73.18612488206057,70.85202281965442,68.90205306618536,67.25957388051111,67.25957388051111,67.25957388051111,67.25957388051111,67.25957388051111,67.25957388051111,67.25957388051111,67.25957388051111,67.25957388051111,67.25957388051111,67.25957388051111,67.25957388051111,67.25957388051111,67.25957388051111,67.25957388051111,67.25957388051111,67.25957388051111,67.25957388051111,67.25957388051111,67.1864893864977,65.6694899388209,64.29080245456194,63.04609388687784,61.9255239962834,61.9255239962834,61.118687792324735,60.3715304802771,59.68036844366544,59.68036844366544,59.00110333330027,58.37579137252564,57.799989600359694
ATAL_s_1,0.0,0.0,0.0,0.0,0.0,0.0,0.0,0.0,0.0,0.0,0.0,0.0,0.0,0.0,0.0,0.0,0.0,0.0,0.0,0.0,0.0,0.0,0.0,102.67760060657444,102.67760060657444,92.18191918021665,86.60935423280469,77.51885972727065,77.51885972727065,72.93820234493462,72.10792461474176,70.73341951439646,67.23985556548277,64.43788059902965,62.15884870508524,60.28316183109716,58.72393175156598,58.72393175156598,58.72393175156598,58.72393175156598,58.72393175156598,58.72393175156598,58.72393175156598,58.72393175156598,58.72393175156598,58.72393175156598,58.72393175156598,58.72393175156598,58.72393175156598,58.72393175156598,58.72393175156598,58.72393175156598,58.72393175156598,58.72393175156598,58.72393175156598,58.65502104730891,57.23393623340423,55.959059983145366,54.82175480570137,53.81034860292635,53.81034860292635,53.08968247559896,52.42841960616085,51.82189641552749,51.82189641552749,51.23096811842582,50.6919737464141,50.19996522844861
ATAL,0.0,0.0,0.0,0.0,0.0,0.0,0.0,0.0,0.0,0.0,0.0,0.0,0.0,0.0,0.0,0.0,0.0,0.0,0.0,0.0,0.0,0.0,103.40867806214133,92.57603118825696,92.57603118825696,85.33426814390745,81.22923398912968,74.1476065013222,74.1476065013222,70.40226256211893,69.71102112549816,68.5584405537722,65.58320384684052,63.150921339117474,61.142831133234466,59.47063063859578,58.06738352323066,58.06738352323066,58.06738352323066,58.06738352323066,58.06738352323066,58.06738352323066,58.06738352323066,58.06738352323066,58.06738352323066,58.06738352323066,58.06738352323066,58.06738352323066,58.06738352323066,58.06738352323066,58.06738352323066,58.06738352323066,58.06738352323066,58.06738352323066,58.06738352323066,58.0051104267379,56.71602160832698,55.55135200932203,54.506149799939976,53.57171702878937,53.57171702878937,52.90314907644821,52.28770484847302,51.72142907650764,51.72142907650764,51.16848789710829,50.66271564088801,50.1999812063533
ATRT,0.0,0.0,0.0,0.0,0.0,0.0,0.0,0.0,0.0,0.0,0.0,0.0,0.0,0.0,0.0,0.0,0.0,0.0,0.0,0.0,0.0,50.96550753676616,45.19214121373077,41.347496569997546,41.347496569997546,38.61996101253745,37.02027831098196,34.17152840220567,34.17152840220567,32.62142060012609,32.33220928258051,31.847815449248394,30.58501668155884,29.540113785258093,28.668925363443257,27.93803274872929,27.320932277172048,27.320932277172048,27.320932277172048,27.320932277172048,27.320932277172048,27.320932277172048,27.320932277172048,27.320932277172048,27.320932277172048,27.320932277172048,27.320932277172048,27.320932277172048,27.320932277172048,27.320932277172048,27.320932277172048,27.320932277172048,27.320932277172048,27.320932277172048,27.320932277172048,27.293461478749844,26.72316522318856,26.205706499683274,25.73946343231704,25.320895467105203,25.320895467105203,25.020729682059894,24.74378647406071,24.48850295573219,24.48850295573219,24.238678496599935,24.009763162442027,23.79987379925275
RNKPD,0.0,0.0,0.0,0.0,0.0,0.0,0.0,0.0,0.0,0.0,0.0,0.0,0.0,0.0,0.0,0.0,0.0,0.0,0.0,21.20448615977915,21.20448615977915,20.593063530112943,19.565165024658025,18.77225499456173,18.77225499456173,18.14629872898567,17.751313132290193,16.98971584011926,16.98971584011926,16.540234477398094,16.453022413324145,16.305236348316214,15.90610068011488,15.559320287496993,15.257653968174843,14.99523977705271,14.766402913029413,14.766402913029413,14.766402913029413,14.766402913029413,14.766402913029413,14.766402913029413,14.766402913029413,14.766402913029413,14.766402913029413,14.766402913029413,14.766402913029413,14.766402913029413,14.766402913029413,14.766402913029413,14.766402913029413,14.766402913029413,14.766402913029413,14.766402913029413,14.766402913029413,14.756052813091479,14.53793821306314,14.334035066401512,14.14550958728887,13.971937537005893,13.971937537005893,13.844655794447892,13.725059502656677,13.612866916778714,13.612866916778714,13.501149959061305,13.396866820880193,13.299878015611196
RNKPR,0.0,0.0,0.0,0.0,0.0,0.0,0.0,0.0,0.0,0.0,0.0,0.0,0.0,0.0,0.0,0.0,0.0,0.0,13.270775390709133,12.997850651858652,12.997850651858652,12.408352655864718,11.467051456609562,10.781520109843072,10.781520109843072,10.264483566351759,9.948024884394044,9.360131696246345,9.360131696246345,9.026333036943278,8.962555616957793,8.855505465945168,8.571436982320995,8.330327940550507,8.125557789729061,7.950646526239277,7.800717058028646,7.800717058028646,7.800717058028646,7.800717058028646,7.800717058028646,7.800717058028646,7.800717058028646,7.800717058028646,7.800717058028646,7.800717058028646,7.800717058028646,7.800717058028646,7.800717058028646,7.800717058028646,7.800717058028646,7.800717058028646,7.800717058028646,7.800717058028646,7.800717058028646,7.793993488638167,7.65331013523401,7.524151633065659,7.406347536376174,7.299420379783282,7.299420379783282,7.221961571527407,7.149793759601662,7.082923686873437,7.082923686873437,7.016988852684828,6.956124056849832,6.899955972641301
RNMUU,0.0,0.0,0.0,0.0,0.0,0.0,0.0,0.0,0.0,0.0,0.0,0.0,0.0,0.0,0.0,0.0,53.93441624436747,53.93441624436747,53.43038334941461,52.66379256349988,52.66379256349988,50.96955147602455,48.148882962770614,45.99934635180243,45.99934635180243,44.32220105085439,43.272273001256565,41.27044697700291,41.27044697700291,40.10321032405845,39.87880078716274,39.49813212133648,38.47647290744533,37.5973068663209,36.83957520203469,36.18490792901433,35.61846931051652,35.61846931051652,35.61846931051652,35.61846931051652,35.61846931051652,35.61846931051652,35.61846931051652,35.61846931051652,35.61846931051652,35.61846931051652,35.61846931051652,35.61846931051652,35.61846931051652,35.61846931051652,35.61846931051652,35.61846931051652,35.61846931051652,35.61846931051652,35.61846931051652,35.59294634341063,35.05709958013167,34.56022603448949,34.1033987625447,33.685960072048125,33.685960072048125,33.38174375914691,33.09742893255392,32.8321232339267,32.8321232339267,32.56935933997242,32.32574283511533,32.099895164365016
RNMUA,0.0,0.0,0.0,0.0,0.0,0.0,0.0,0.0,0.0,0.0,0.0,0.0,0.0,0.0,0.0,31.98612575394106,31.44350316554568,31.44350316554568,31.320042077339224,31.128743114655805,31.128743114655805,30.690258026315984,29.907528047587352,29.262268099911573,29.262268099911573,28.72559355338356,28.373276309001557,27.663908159945372,27.663908159945372,27.22481572960749,27.138077760495257,26.98915281553114,26.577700574530525,26.20925322280238,25.880004543847708,25.586194544627368,25.324308090527552,25.324308090527552,25.324308090527552,25.324308090527552,25.324308090527552,25.324308090527552,25.324308090527552,25.324308090527552,25.324308090527552,25.324308090527552,25.324308090527552,25.324308090527552,25.324308090527552,25.324308090527552,25.324308090527552,25.324308090527552,25.324308090527552,25.324308090527552,25.324308090527552,25.3123341448345,25.057133771648793,24.814222971326313,24.585037805565182,24.370194527352048,24.370194527352048,24.21020285900556,24.057906162402087,23.913238334673473,23.913238334673473,23.767385038963376,23.62973869033052,23.499851815857184
RNMUE,0.0,0.0,0.0,0.0,0.0,0.0,0.0,0.0,0.0,0.0,0.0,0.0,0.0,0.0,21.600000000000136,21.600000000000136,21.600000000000136,21.600000000000136,21.600000000000136,21.600000000000136,21.600000000000136,21.600000000000136,21.600000000000136,21.600000000000136,21.600000000000136,21.600000000000136,21.600000000000136,21.600000000000136,21.600000000000136,21.600000000000136,21.600000000000136,21.600000000000136,21.600000000000136,21.600000000000136,21.600000000000136,21.600000000000136,21.600000000000136,21.600000000000136,21.600000000000136,21.600000000000136,21.600000000000136,21.600000000000136,21.600000000000136,21.600000000000136,21.600000000000136,21.600000000000136,21.600000000000136,21.600000000000136,21.600000000000136,21.600000000000136,21.600000000000136,21.600000000000136,21.600000000000136,21.600000000000136,21.600000000000136,21.600000000000136,21.600000000000136,21.600000000000136,21.600000000000136,21.600000000000136,21.600000000000136,21.600000000000136,21.600000000000136,21.600000000000136,21.600000000000136,21.600000000000136,21.600000000000136,21.600000000000136
RNMUL,0.0,0.0,0.0,0.0,0.0,0.0,0.0,0.0,0.0,0.0,0.0,0.0,0.0,130.9603799960461,129.1360068910862,126.57176281635573,122.6240951392372,122.6240951392372,121.74542507408323,120.39797048149782,120.39797048149782,117.37257968082557,112.18909778602793,108.11494220852668,108.11494220852668,104.86087892392482,102.79132406040178,98.77366202651154,98.77366202651154,96.387980859148,95.9257336446187,95.13898003684774,93.01130890219432,91.16105441309074,89.55234524954659,88.15221981704809,86.9328228985771,86.9328228985771,86.9328228985771,86.9328228985771,86.9328228985771,86.9328228985771,86.9328228985771,86.9328228985771,86.9328228985771,86.9328228985771,86.9328228985771,86.9328228985771,86.9328228985771,86.9328228985771,86.9328228985771,86.9328228985771,86.9328228985771,86.9328228985771,86.9328228985771,86.87771032647636,85.71730221974562,84.63560818933291,83.63660571751672,82.71922091448631,82.71922091448631,82.04839673990097,81.41963871351494,80.83133851007726,80.83133851007726,80.24717444623028,79.70424765275666,79.20001641944377
RNROY,0.0,0.0,0.0,0.0,0.0,0.0,0.0,0.0,0.0,0.0,0.0,0.0,44.16073871375717,41.09776859773528,40.690808990063374,40.10957928239657,39.19166093833908,39.19166093833908,38.98342299358348,38.661278714896774,38.661278714896774,37.92518325239838,36.62278002654425,35.56034279583927,35.56034279583927,34.68648668105624,34.118023452119715,32.98664681017834,32.98664681017834,32.29595419783188,32.16043358680352,31.928235730032256,31.2926809109758,30.729487833420002,30.231500733633613,29.791318320470392,29.402767930602778,29.402767930602778,29.402767930602778,29.402767930602778,29.402767930602778,29.402767930602778,29.402767930602778,29.402767930602778,29.402767930602778,29.402767930602778,29.402767930602778,29.402767930602778,29.402767930602778,29.402767930602778,29.402767930602778,29.402767930602778,29.402767930602778,29.402767930602778,29.402767930602778,29.385085215478764,29.01023857818259,28.656294587641064,28.32529831627602,28.01754876612562,28.01754876612562,27.790241611617745,27.575268315535567,27.372359686656452,27.372359686656452,27.169097913586715,26.978509111664668,26.799978365407156
RNROF,0.0,0.0,0.0,0.0,0.0,0.0,0.0,0.0,0.0,0.0,0.0,54.40364385928139,53.60330548010289,51.506165386045325,51.2145295371772,50.79176461498402,50.10999526516998,50.10999526516998,49.9528636709538,49.7079445131551,49.7079445131551,49.140007684616904,48.10416808545967,47.22958713161306,47.22958713161306,46.48856923888179,45.99593199868909,44.98783616876319,44.98783616876319,44.354139638199854,44.22808899603333,44.01100653967043,43.40724347806408,42.860791481104606,42.36859036960614,41.92614249296774,41.52923553413649,41.52923553413649,41.52923553413649,41.52923553413649,41.52923553413649,41.52923553413649,41.52923553413649,41.52923553413649,41.52923553413649,41.52923553413649,41.52923553413649,41.52923553413649,41.52923553413649,41.52923553413649,41.52923553413649,41.52923553413649,41.52923553413649,41.52923553413649,41.52923553413649,41.511031665303584,41.12216891886691,40.74963420739036,40.39618194084753,40.06344403003819,40.06344403003819,39.81465543002709,39.57704088175683,39.350614540993334,39.350614540993334,39.12162809658791,38.90487669419158,38.699978970217714
RNROL,0.0,0.0,0.0,0.0,0.0,0.0,0.0,0.0,0.0,0.0,113.32992707577029,109.88509826568249,107.35807100240619,100.95231791245511,100.08535896008817,98.8397288272983,96.85702587966207,96.85702587966207,96.4046050716652,95.7028074226152,95.7028074226152,94.09094950404256,91.20918937855642,88.83174364925019,88.83174364925019,86.8582377422532,85.56673213906363,82.97513404624947,82.97513404624947,81.380971603644,81.06711517967096,80.52912485237063,79.04949496675145,77.73252324362674,76.56337606073066,75.52681608685873,74.60849307374635,74.60849307374635,74.60849307374635,74.60849307374635,74.60849307374635,74.60849307374635,74.60849307374635,74.60849307374635,74.60849307374635,74.60849307374635,74.60849307374635,74.60849307374635,74.60849307374635,74.60849307374635,74.60849307374635,74.60849307374635,74.60849307374635,74.60849307374635,74.60849307374635,74.5666540168808,73.678556067597,72.83796399999432,72.05015381172812,71.31657617310981,71.31657617310981,70.77354861610173,70.25921034769566,69.77334223325606,69.77334223325606,69.28609845191558,68.828767800915,68.3999775060926
RNSOC,0.0,0.0,0.0,0.0,0.0,0.0,0.0,0.0,0.0,15.64653392468748,14.413130931543305,13.948142145665983,13.607600637708558,12.750154409656666,12.634853341278902,12.469383113023424,12.206729968714223,12.206729968714223,12.146929367265603,12.053923484545013,12.053923484545013,11.841725371383376,11.464018900083733,11.154094241445662,11.154094241445662,10.89851659639504,10.732010349054454,10.399666775614385,10.399666775614385,10.196814300262567,10.157010165236727,10.088887065194099,9.902277022464476,9.736914109288032,9.59113782884873,9.462559861198644,9.34923171824131,9.34923171824131,9.34923171824131,9.34923171824131,9.34923171824131,9.34923171824131,9.34923171824131,9.34923171824131,9.34923171824131,9.34923171824131,9.34923171824131,9.34923171824131,9.34923171824131,9.34923171824131,9.34923171824131,9.34923171824131,9.34923171824131,9.34923171824131,9.34923171824131,9.344080190688697,9.235014536611718,9.132139594014777,9.03641315223882,8.947720614669468,8.947720614669468,8.882360011924291,8.820712667371343,8.76268742889054,8.76268742889054,8.704733735561195,8.650563832187554,8.599983330404662
RNSOB,0.0,0.0,0.0,0.0,0.0,0.0,0.0,0.0,13.074054351994015,13.039799289206773,12.805366665545128,12.705714359653335,12.628302463989948,12.413500513232067,12.382245206459807,12.336295055605136,12.26056153432696,12.26056153432696,12.242815142720517,12.214932830325898,12.214932830325898,12.149219298738096,12.025464450593793,11.91681011429592,11.91681011429592,11.821632677440796,11.756706454621977,11.619381388414496,11.619381388414496,11.530056855241424,11.51198901121629,11.480633598567696,11.391793501536458,11.30926341204718,11.233057634787848,11.163001032806179,11.098846834561247,11.098846834561247,11.098846834561247,11.098846834561247,11.098846834561247,11.098846834561247,11.098846834561247,11.098846834561247,11.098846834561247,11.098846834561247,11.098846834561247,11.098846834561247,11.098846834561247,11.098846834561247,11.098846834561247,11.098846834561247,11.098846834561247,11.098846834561247,11.098846834561247,11.095873853590136,11.031706747488649,10.969016349250158,10.908259775237228,10.850128381330338,10.850128381330338,10.805954618445892,10.763176499353202,10.721858351958355,10.721858351958355,10.679503003785415,10.638863071610501,10.599937494959878
RBMH,0.0,0.0,0.0,0.0,0.0,0.0,0.0,37.743085741528304,37.607886833597625,37.44881429884087,36.37989883327009,35.93549708453924,35.5947398189914,34.668837862973604,34.536214401005935,34.342282853011454,34.0253547204928,34.0253547204928,33.95157465841886,33.835746449024114,33.835746449024114,33.56524989325845,33.06258921525479,32.62848745077932,32.62848745077932,32.2537457763013,32.001055577077786,31.474894064834125,31.474894064834125,31.1379634441182,31.07035878058868,30.95347257927767,30.625305565434786,30.324436777308726,30.050042974867708,29.800695696854444,29.574656437260884,29.574656437260884,29.574656437260884,29.574656437260884,29.574656437260884,29.574656437260884,29.574656437260884,29.574656437260884,29.574656437260884,29.574656437260884,29.574656437260884,29.574656437260884,29.574656437260884,29.574656437260884,29.574656437260884,29.574656437260884,29.574656437260884,29.574656437260884,29.574656437260884,29.564247140215883,29.340809609504532,29.1247958203803,28.918130832253464,28.721825834026642,28.721825834026642,28.57398887756847,28.431929009881273,28.29575838729988,28.29575838729988,28.15723947188696,28.025357532471823,27.899864347448222
RBMDC,0.0,0.0,0.0,0.0,0.0,32.399721002077555,32.399721002077555,31.655432786130753,31.411549389244954,31.128263495804937,29.3071027047569,28.591078141495913,28.05640240523467,26.668525062178972,26.47671854963898,26.200010732386996,25.755845673640714,25.755845673640714,25.653856354167132,25.495188226526565,25.495188226526565,25.128680123746896,24.465641204166605,23.911900427556198,23.911900427556198,23.447053403032314,23.140765860103947,22.520635497941942,22.520635497941942,22.135478947810213,22.0593265128143,21.92831266198555,21.56716117146295,21.243675005582148,20.954963373145105,20.69779722681935,20.468906854876984,20.468906854876984,20.468906854876984,20.468906854876984,20.468906854876984,20.468906854876984,20.468906854876984,20.468906854876984,20.468906854876984,20.468906854876984,20.468906854876984,20.468906854876984,20.468906854876984,20.468906854876984,20.468906854876984,20.468906854876984,20.468906854876984,20.468906854876984,20.468906854876984,20.458465372757438,20.23640089230708,20.025466662486682,19.827121436021265,19.64186381480526,19.64186381480526,19.50437854459244,19.373919419138726,19.2503986400242,19.2503986400242,19.126179326746737,19.00950627519516,18.8999251326175
RBMDL,0.0,0.0,0.0,0.0,11.312838848646141,11.220182326244958,11.220182326244958,11.11777763822381,11.083447950700918,11.042951608326177,10.767954495292914,10.65193875756622,10.562595607858952,10.3172608499134,10.28181214418631,10.229835716841475,10.144536411160015,10.144536411160015,10.124615008384128,10.093367274059489,10.093367274059489,10.019970507613873,9.882482740643882,9.76307496469033,9.76307496469033,9.659291275361307,9.58893554505697,9.441508470650312,9.441508470650312,9.346344867921227,9.327182658138982,9.293998044875874,9.200278047743323,9.114066524166763,9.035015494098701,8.962819028465441,8.89711062217492,8.89711062217492,8.89711062217492,8.89711062217492,8.89711062217492,8.89711062217492,8.89711062217492,8.89711062217492,8.89711062217492,8.89711062217492,8.89711062217492,8.89711062217492,8.89711062217492,8.89711062217492,8.89711062217492,8.89711062217492,8.89711062217492,8.89711062217492,8.89711062217492,8.894075069572038,8.828763705160974,8.76533950718837,8.704392118738694,8.646249585463567,8.646249585463567,8.602146320546463,8.55979397256577,8.51906490626836,8.51906490626836,8.477497084874372,8.437789566552977,8.399921624332872
RBMVU,0.0,0.0,0.0,82.30492693311129,82.07484272241354,81.4308329747401,81.4308329747401,80.71822362503636,80.47913361215917,80.1969681832218,78.27703259563518,77.4673948871934,76.84120969458002,75.11824631878858,74.8689636202666,74.50327596246728,73.90268156706833,73.90268156706833,73.76233260156535,73.54212578612322,73.54212578612322,73.02459067186763,72.05562055810196,71.21113042688533,71.21113042688533,70.47611523620682,69.97757657365842,68.93175552370926,68.93175552370926,68.2558539084361,68.11967563720549,67.88378379807597,67.21843627239879,66.60421888826777,66.04080305447953,65.52588363892151,65.05694137390083,65.05694137390083,65.05694137390083,65.05694137390083,65.05694137390083,65.05694137390083,65.05694137390083,65.05694137390083,65.05694137390083,65.05694137390083,65.05694137390083,65.05694137390083,65.05694137390083,65.05694137390083,65.05694137390083,65.05694137390083,65.05694137390083,65.05694137390083,65.05694137390083,65.03527065771304,64.56886864058588,64.11567604513046,63.679933595326,63.26401861298979,63.26401861298979,62.94930896694819,62.64596144560798,62.354143728718704,62.354143728718704,62.05621787013024,61.77153169087067,61.499948939504904
RBMVL,0.0,58.32472242447959,58.32472242447959,56.76457674014465,56.565824813402415,56.01184290050253,56.01184290050253,55.40251266537013,55.19916105584821,54.959783640934475,53.34881780256989,52.67865222914223,52.163855110334914,50.76591250430265,50.56572765264367,50.273045448921174,49.79489694859005,49.79489694859005,49.68361957006114,49.509377124284036,49.509377124284036,49.10130337142246,48.34430020399512,47.69147561651062,47.69147561651062,47.128771226027155,46.74984306997521,45.96242510353402,45.96242510353402,45.459341766217975,45.35852555001844,45.184324569318946,44.69598982916802,44.249325091943014,43.8429180016446,43.47446216586791,43.1412839259238,43.1412839259238,43.1412839259238,43.1412839259238,43.1412839259238,43.1412839259238,43.1412839259238,43.1412839259238,43.1412839259238,43.1412839259238,43.1412839259238,43.1412839259238,43.1412839259238,43.1412839259238,43.1412839259238,43.1412839259238,43.1412839259238,43.1412839259238,43.1412839259238,43.12595441798983,42.79730696158361,42.48034407142236,42.17784848262101,41.89123812091374,41.89123812091374,41.6758836074364,41.4693601149878,41.271799078372844,41.271799078372844,41.07125206916961,40.880725459819544,40.699892076679525
RBSH,47.6516689918264,46.72987813841401,46.72987813841401,45.55389750659171,45.40367608061388,44.98439894215754,44.98439894215754,44.52254781683163,44.368086127293466,44.18612119237055,42.95736386253257,42.44444677295577,42.04990185145664,40.97443395608134,40.82003892249537,40.59413118772229,40.224390097025484,40.224390097025484,40.138332428632694,40.003520429431894,40.003520429431894,39.687713767741855,39.100389961183694,38.592841369575645,38.592841369575645,38.15458741680926,37.858856814294015,37.243983346313414,37.243983346313414,36.85028347673272,36.771322246824425,36.63483373230937,36.25187609386632,35.90115959557768,35.5815232687318,35.291638215188385,35.02937761220969,35.02937761220969,35.02937761220969,35.02937761220969,35.02937761220969,35.02937761220969,35.02937761220969,35.02937761220969,35.02937761220969,35.02937761220969,35.02937761220969,35.02937761220969,35.02937761220969,35.02937761220969,35.02937761220969,35.02937761220969,35.02937761220969,35.02937761220969,35.02937761220969,35.0172989356732,34.758232833405074,34.50817439057976,34.26934513770472,34.04289299592136,34.04289299592136,33.87263573015023,33.709276369623055,33.552929936234996,33.552929936234996,33.39402954823136,33.24312747658691,33.099922690777056
