strat_unit,249.3,248.7,248.5,248.0,247.8,247.6,247.2,246.2,246.0,245.5,245.0,244.7,244.0,240.7,238.9,237.0,233.5,213.6,211.4,207.2,203.6,199.6,191.3,183.0,177.6,170.6,170.1,168.2,165.4,164.7,164.0,163.97297466374727,163.88274584345902,163.79251702317077,163.70228820288253,163.61205938259428,163.521830562306,163.43160174201776,163.34137292172952,163.25114410144127,163.16091528115302,163.07068646086478,162.98045764057653,162.89022882028826,162.8,140.0,137.69230769230768,135.38461538461536,133.07692307692307,130.76923076923075,128.46153846153845,126.15384615384615,123.84615384615385,121.53846153846153,119.23076923076924,116.92307692307692,114.61538461538463,112.3076923076923,110.0,65.5,61.7,58.8,58.4,58.0,57.8,37.2,32.8,28.399999999999995,23.0,22.4,17.6,15.530000000000001,13.46,11.39,9.32,7.25,5.33,4.886666666666667,4.443333333333333,4.0,2.59,1.7266666666666666,0.8633333333333333,0.0
NUCT_s_2,0.0,0.0,0.0,0.0,0.0,0.0,0.0,0.0,0.0,0.0,0.0,0.0,0.0,0.0,0.0,0.0,0.0,0.0,0.0,0.0,0.0,0.0,0.0,0.0,0.0,0.0,0.0,0.0,0.0,0.0,0.0,0.0,0.0,0.0,0.0,0.0,0.0,0.0,0.0,0.0,0.0,0.0,0.0,0.0,0.0,0.0,0.0,0.0,0.0,0.0,0.0,0.0,0.0,0.0,0.0,0.0,0.0,0.0,0.0,0.0,0.0,0.0,0.0,0.0,0.0,0.0,0.0,0.0,0.0,0.0,0.0,0.0,0.0,0.0,0.0,0.0,0.0,0.0,0.0,0.0,0.0,0.0,0.0,81.99956399379775
NUCT_s_1,0.0,0.0,0.0,0.0,0.0,0.0,0.0,0.0,0.0,0.0,0.0,0.0,0.0,0.0,0.0,0.0,0.0,0.0,0.0,0.0,0.0,0.0,0.0,0.0,0.0,0.0,0.0,0.0,0.0,0.0,0.0,0.0,0.0,0.0,0.0,0.0,0.0,0.0,0.0,0.0,0.0,0.0,0.0,0.0,0.0,0.0,0.0,0.0,0.0,0.0,0.0,0.0,0.0,0.0,0.0,0.0,0.0,0.0,0.0,0.0,0.0,0.0,0.0,0.0,0.0,0.0,0.0,0.0,0.0,0.0,0.0,0.0,0.0,0.0,0.0,0.0,0.0,0.0,0.0,0.0,0.0,0.0,83.47954803040793,81.99971600847113
NUCT,0.0,0.0,0.0,0.0,0.0,0.0,0.0,0.0,0.0,0.0,0.0,0.0,0.0,0.0,0.0,0.0,0.0,0.0,0.0,0.0,0.0,0.0,0.0,0.0,0.0,0.0,0.0,0.0,0.0,0.0,0.0,0.0,0.0,0.0,0.0,0.0,0.0,0.0,0.0,0.0,0.0,0.0,0.0,0.0,0.0,0.0,0.0,0.0,0.0,0.0,0.0,0.0,0.0,0.0,0.0,0.0,0.0,0.0,0.0,0.0,0.0,0.0,0.0,0.0,0.0,0.0,0.0,0.0,0.0,0.0,0.0,0.0,0.0,0.0,0.0,0.0,0.0,0.0,0.0,0.0,0.0,84.9059865508942,83.37560544532778,81.99981688217571
NUOT_s_2,0.0,0.0,0.0,0.0,0.0,0.0,0.0,0.0,0.0,0.0,0.0,0.0,0.0,0.0,0.0,0.0,0.0,0.0,0.0,0.0,0.0,0.0,0.0,0.0,0.0,0.0,0.0,0.0,0.0,0.0,0.0,0.0,0.0,0.0,0.0,0.0,0.0,0.0,0.0,0.0,0.0,0.0,0.0,0.0,0.0,0.0,0.0,0.0,0.0,0.0,0.0,0.0,0.0,0.0,0.0,0.0,0.0,0.0,0.0,0.0,0.0,0.0,0.0,0.0,0.0,0.0,0.0,0.0,0.0,0.0,0.0,0.0,0.0,0.0,0.0,0.0,0.0,0.0,0.0,81.0287949230212,81.0287949230212,79.54178594840445,78.20584428020234,76.99959144703158
NUOT_s_1,0.0,0.0,0.0,0.0,0.0,0.0,0.0,0.0,0.0,0.0,0.0,0.0,0.0,0.0,0.0,0.0,0.0,0.0,0.0,0.0,0.0,0.0,0.0,0.0,0.0,0.0,0.0,0.0,0.0,0.0,0.0,0.0,0.0,0.0,0.0,0.0,0.0,0.0,0.0,0.0,0.0,0.0,0.0,0.0,0.0,0.0,0.0,0.0,0.0,0.0,0.0,0.0,0.0,0.0,0.0,0.0,0.0,0.0,0.0,0.0,0.0,0.0,0.0,0.0,0.0,0.0,0.0,0.0,0.0,0.0,0.0,0.0,0.0,0.0,0.0,0.0,0.0,0.0,82.20121781870532,80.7599113244825,80.7599113244825,79.37728777705713,78.12998579199616,76.99971916656514
NUOT,0.0,0.0,0.0,0.0,0.0,0.0,0.0,0.0,0.0,0.0,0.0,0.0,0.0,0.0,0.0,0.0,0.0,0.0,0.0,0.0,0.0,0.0,0.0,0.0,0.0,0.0,0.0,0.0,0.0,0.0,0.0,0.0,0.0,0.0,0.0,0.0,0.0,0.0,0.0,0.0,0.0,0.0,0.0,0.0,0.0,0.0,0.0,0.0,0.0,0.0,0.0,0.0,0.0,0.0,0.0,0.0,0.0,0.0,0.0,0.0,0.0,0.0,0.0,0.0,0.0,0.0,0.0,0.0,0.0,0.0,0.0,0.0,0.0,0.0,0.0,0.0,0.0,83.33381722229895,81.85297116699783,80.51547743513024,80.51547743513024,79.2271313272648,78.06027037654987,76.99980903878615
NUBA_s_4,0.0,0.0,0.0,0.0,0.0,0.0,0.0,0.0,0.0,0.0,0.0,0.0,0.0,0.0,0.0,0.0,0.0,0.0,0.0,0.0,0.0,0.0,0.0,0.0,0.0,0.0,0.0,0.0,0.0,0.0,0.0,0.0,0.0,0.0,0.0,0.0,0.0,0.0,0.0,0.0,0.0,0.0,0.0,0.0,0.0,0.0,0.0,0.0,0.0,0.0,0.0,0.0,0.0,0.0,0.0,0.0,0.0,0.0,0.0,0.0,0.0,0.0,0.0,0.0,0.0,0.0,0.0,0.0,0.0,0.0,0.0,0.0,0.0,0.0,0.0,106.72844328443887,106.72844328443887,104.3414181820703,102.2117512742586,100.30085102829639,100.30085102829639,98.47234055427776,96.82691080117412,95.3397251313284
NUBA_s_3,0.0,0.0,0.0,0.0,0.0,0.0,0.0,0.0,0.0,0.0,0.0,0.0,0.0,0.0,0.0,0.0,0.0,0.0,0.0,0.0,0.0,0.0,0.0,0.0,0.0,0.0,0.0,0.0,0.0,0.0,0.0,0.0,0.0,0.0,0.0,0.0,0.0,0.0,0.0,0.0,0.0,0.0,0.0,0.0,0.0,0.0,0.0,0.0,0.0,0.0,0.0,0.0,0.0,0.0,0.0,0.0,0.0,0.0,0.0,0.0,0.0,0.0,0.0,0.0,0.0,0.0,0.0,0.0,0.0,0.0,0.0,0.0,0.0,0.0,108.69555432523876,105.62099834816084,105.62099834816084,103.49728768691506,101.58858756286062,99.86480087297062,99.86480087297062,98.20515847696807,96.70333639256623,95.33984432094613
NUBA_s_2,0.0,0.0,0.0,0.0,0.0,0.0,0.0,0.0,0.0,0.0,0.0,0.0,0.0,0.0,0.0,0.0,0.0,0.0,0.0,0.0,0.0,0.0,0.0,0.0,0.0,0.0,0.0,0.0,0.0,0.0,0.0,0.0,0.0,0.0,0.0,0.0,0.0,0.0,0.0,0.0,0.0,0.0,0.0,0.0,0.0,0.0,0.0,0.0,0.0,0.0,0.0,0.0,0.0,0.0,0.0,0.0,0.0,0.0,0.0,0.0,0.0,0.0,0.0,0.0,0.0,0.0,0.0,0.0,0.0,0.0,0.0,0.0,0.0,110.57082755043416,107.39161277614238,104.66278461427869,104.66278461427869,102.76212059870532,101.04233285288194,99.47991987340812,99.47991987340812,97.96805069307884,96.5934930677115,95.33991716066494
NUBA_s_1,0.0,0.0,0.0,0.0,0.0,0.0,0.0,0.0,0.0,0.0,0.0,0.0,0.0,0.0,0.0,0.0,0.0,0.0,0.0,0.0,0.0,0.0,0.0,0.0,0.0,0.0,0.0,0.0,0.0,0.0,0.0,0.0,0.0,0.0,0.0,0.0,0.0,0.0,0.0,0.0,0.0,0.0,0.0,0.0,0.0,0.0,0.0,0.0,0.0,0.0,0.0,0.0,0.0,0.0,0.0,0.0,0.0,0.0,0.0,0.0,0.0,0.0,0.0,0.0,0.0,0.0,0.0,0.0,0.0,0.0,0.0,0.0,112.35859548071986,109.07816304362257,106.2652869048683,103.82781646882006,103.82781646882006,102.11711967587787,100.56014484294717,99.1389957634728,99.1389957634728,97.75705095419681,96.49519906328595,95.3397306476347
NUBA,0.0,0.0,0.0,0.0,0.0,0.0,0.0,0.0,0.0,0.0,0.0,0.0,0.0,0.0,0.0,0.0,0.0,0.0,0.0,0.0,0.0,0.0,0.0,0.0,0.0,0.0,0.0,0.0,0.0,0.0,0.0,0.0,0.0,0.0,0.0,0.0,0.0,0.0,0.0,0.0,0.0,0.0,0.0,0.0,0.0,0.0,0.0,0.0,0.0,0.0,0.0,0.0,0.0,0.0,0.0,0.0,0.0,0.0,0.0,0.0,0.0,0.0,0.0,0.0,0.0,0.0,0.0,0.0,0.0,0.0,0.0,114.06298204246485,110.68474891922264,107.79087773451246,105.28501383708709,103.09490135141532,103.09490135141532,101.54760060400058,100.13274550956228,98.83522656488685,98.83522656488685,97.5682521169753,96.40670062071415,95.33983836761183
NMVFO,0.0,0.0,0.0,0.0,0.0,0.0,0.0,0.0,0.0,0.0,0.0,0.0,0.0,0.0,0.0,0.0,0.0,0.0,0.0,0.0,0.0,0.0,0.0,0.0,0.0,0.0,0.0,0.0,0.0,0.0,0.0,0.0,0.0,0.0,0.0,0.0,0.0,0.0,0.0,0.0,0.0,0.0,0.0,0.0,0.0,0.0,0.0,0.0,0.0,0.0,0.0,0.0,0.0,0.0,0.0,0.0,0.0,0.0,0.0,0.0,0.0,0.0,0.0,0.0,0.0,0.0,0.0,0.0,0.0,118.34562243928077,118.34562243928077,110.167918534629,103.77220506438618,98.6451219094667,94.45278242507766,90.96929218106577,90.96929218106577,88.606058739567,86.5140356349973,84.6522449428868,84.6522449428868,82.88556781140261,81.31042689696248,79.89996147439054
NMRF_s_1,0.0,0.0,0.0,0.0,0.0,0.0,0.0,0.0,0.0,0.0,0.0,0.0,0.0,0.0,0.0,0.0,0.0,0.0,0.0,0.0,0.0,0.0,0.0,0.0,0.0,0.0,0.0,0.0,0.0,0.0,0.0,0.0,0.0,0.0,0.0,0.0,0.0,0.0,0.0,0.0,0.0,0.0,0.0,0.0,0.0,0.0,0.0,0.0,0.0,0.0,0.0,0.0,0.0,0.0,0.0,0.0,0.0,0.0,0.0,0.0,0.0,0.0,0.0,0.0,0.0,0.0,0.0,124.02114315972506,124.02114315972506,109.73842407718791,109.73842407718791,100.2063145123586,92.98403037903967,87.36482701888184,82.8950693397336,79.2733242364883,79.2733242364883,76.86792495617037,74.77426978123512,72.94134170898504,72.94134170898504,71.22949589474534,69.72625873002134,68.39994072166509
NMRF,0.0,0.0,0.0,0.0,0.0,0.0,0.0,0.0,0.0,0.0,0.0,0.0,0.0,0.0,0.0,0.0,0.0,0.0,0.0,0.0,0.0,0.0,0.0,0.0,0.0,0.0,0.0,0.0,0.0,0.0,0.0,0.0,0.0,0.0,0.0,0.0,0.0,0.0,0.0,0.0,0.0,0.0,0.0,0.0,0.0,0.0,0.0,0.0,0.0,0.0,0.0,0.0,0.0,0.0,0.0,0.0,0.0,0.0,0.0,0.0,0.0,0.0,0.0,0.0,0.0,0.0,126.1159199504815,111.04484620511641,111.04484620511641,101.64799248691425,101.64799248691425,94.77265944407611,89.23998980823184,84.7450530305957,81.05282916484846,77.98720484306537,77.98720484306537,75.91471317888123,74.08842673382301,72.47207871272042,72.47207871272042,70.94811640895833,69.59902780113312,68.39998495241385
NLLFC,0.0,0.0,0.0,0.0,0.0,0.0,0.0,0.0,0.0,0.0,0.0,0.0,0.0,0.0,0.0,0.0,0.0,0.0,0.0,0.0,0.0,0.0,0.0,0.0,0.0,0.0,0.0,0.0,0.0,0.0,0.0,0.0,0.0,0.0,0.0,0.0,0.0,0.0,0.0,0.0,0.0,0.0,0.0,0.0,0.0,0.0,0.0,0.0,0.0,0.0,0.0,0.0,0.0,0.0,0.0,0.0,0.0,0.0,0.0,0.0,0.0,0.0,0.0,0.0,69.98450957678752,69.98450957678752,63.65727949132804,59.39167287327419,59.39167287327419,56.34568163910244,56.34568163910244,53.90444918852699,51.79710808585382,49.98410661032683,48.42182958949522,47.07169407491024,47.07169407491024,46.129915550380424,45.27992015924502,44.5110567685368,44.5110567685368,43.771309592331576,43.10354302257438,42.49986795578472
NLLFG,0.0,0.0,0.0,0.0,0.0,0.0,0.0,0.0,0.0,0.0,0.0,0.0,0.0,0.0,0.0,0.0,0.0,0.0,0.0,0.0,0.0,0.0,0.0,0.0,0.0,0.0,0.0,0.0,0.0,0.0,0.0,0.0,0.0,0.0,0.0,0.0,0.0,0.0,0.0,0.0,0.0,0.0,0.0,0.0,0.0,0.0,0.0,0.0,0.0,0.0,0.0,0.0,0.0,0.0,0.0,0.0,0.0,0.0,0.0,0.0,0.0,0.0,0.0,15.550190149054965,14.657624058925862,14.657624058925862,13.43460709356043,12.595466560087203,12.595466560087203,11.990892801570938,11.990892801570938,11.50284843250694,11.07986960618032,10.714433089617561,10.399056047270413,10.125786784123497,10.125786784123497,9.935235935421888,9.763086349447041,9.607326610797646,9.607326610797646,9.457304957393921,9.322131032241666,9.19991520936083
NLLFS,0.0,0.0,0.0,0.0,0.0,0.0,0.0,0.0,0.0,0.0,0.0,0.0,0.0,0.0,0.0,0.0,0.0,0.0,0.0,0.0,0.0,0.0,0.0,0.0,0.0,0.0,0.0,0.0,0.0,0.0,0.0,0.0,0.0,0.0,0.0,0.0,0.0,0.0,0.0,0.0,0.0,0.0,0.0,0.0,0.0,0.0,0.0,0.0,0.0,0.0,0.0,0.0,0.0,0.0,0.0,0.0,0.0,0.0,0.0,0.0,0.0,0.0,12.608091025835549,12.539960293396549,12.252421347241398,12.252421347241398,11.810448189263415,11.46956057656396,11.46956057656396,11.20057750148404,11.20057750148404,10.967782995327985,10.752747626443107,10.555852567460738,10.376963644413427,10.214505763227816,10.214505763227816,10.09654924066079,9.986498816531455,9.883646595519547,9.883646595519547,9.78198449877258,9.687576792824878,9.59987868624509
CKHM,0.0,0.0,0.0,0.0,0.0,0.0,0.0,0.0,0.0,0.0,0.0,0.0,0.0,0.0,0.0,0.0,0.0,0.0,0.0,0.0,0.0,0.0,0.0,0.0,0.0,0.0,0.0,0.0,0.0,0.0,0.0,0.0,0.0,0.0,0.0,0.0,0.0,0.0,0.0,0.0,0.0,0.0,0.0,0.0,0.0,0.0,0.0,0.0,0.0,0.0,0.0,0.0,0.0,0.0,0.0,0.0,0.0,0.0,0.0,0.0,10.984172957994236,10.984172957994236,10.88195373647352,10.7603140290621,10.266190224788113,10.266190224788113,9.565234380366572,9.067711269804715,9.067711269804715,8.700387155107201,8.700387155107201,8.398178352508555,8.132258647941248,7.899165524148178,7.695730997023807,7.51767565080095,7.51767565080095,7.39231597995076,7.278123433189006,7.174367005762748,7.174367005762748,7.073931315203952,6.982788345538204,6.899954148921268
+ATBRM_a_12,0.0,0.0,0.0,0.0,0.0,0.0,0.0,0.0,0.0,0.0,0.0,0.0,0.0,0.0,0.0,0.0,0.0,0.0,0.0,0.0,0.0,0.0,0.0,0.0,0.0,0.0,0.0,0.0,0.0,0.0,0.0,0.0,0.0,0.0,0.0,0.0,0.0,0.0,0.0,0.0,0.0,0.0,0.0,0.0,96.15351096145748,96.15351096145748,0.0,0.0,0.0,0.0,0.0,0.0,0.0,0.0,0.0,0.0,0.0,0.0,0.0,0.0,0.0,0.0,0.0,0.0,0.0,0.0,0.0,0.0,0.0,0.0,0.0,0.0,0.0,0.0,0.0,0.0,0.0,0.0,0.0,0.0,0.0,0.0,0.0,0.0
+ATBRM_a_11,0.0,0.0,0.0,0.0,0.0,0.0,0.0,0.0,0.0,0.0,0.0,0.0,0.0,0.0,0.0,0.0,0.0,0.0,0.0,0.0,0.0,0.0,0.0,0.0,0.0,0.0,0.0,0.0,0.0,0.0,0.0,0.0,0.0,0.0,0.0,0.0,0.0,0.0,0.0,0.0,0.0,0.0,0.0,100.39300681707682,96.15350401366993,96.15350401366993,96.15350401366993,0.0,0.0,0.0,0.0,0.0,0.0,0.0,0.0,0.0,0.0,0.0,0.0,0.0,0.0,0.0,0.0,0.0,0.0,0.0,0.0,0.0,0.0,0.0,0.0,0.0,0.0,0.0,0.0,0.0,0.0,0.0,0.0,0.0,0.0,0.0,0.0,0.0
+ATBRM_a_10,0.0,0.0,0.0,0.0,0.0,0.0,0.0,0.0,0.0,0.0,0.0,0.0,0.0,0.0,0.0,0.0,0.0,0.0,0.0,0.0,0.0,0.0,0.0,0.0,0.0,0.0,0.0,0.0,0.0,0.0,0.0,0.0,0.0,0.0,0.0,0.0,0.0,0.0,0.0,0.0,0.0,0.0,104.35997973900459,99.78627064756151,96.15344115850769,96.15344115850769,96.15344115850769,96.15344115850769,0.0,0.0,0.0,0.0,0.0,0.0,0.0,0.0,0.0,0.0,0.0,0.0,0.0,0.0,0.0,0.0,0.0,0.0,0.0,0.0,0.0,0.0,0.0,0.0,0.0,0.0,0.0,0.0,0.0,0.0,0.0,0.0,0.0,0.0,0.0,0.0
+ATBRM_a_9,0.0,0.0,0.0,0.0,0.0,0.0,0.0,0.0,0.0,0.0,0.0,0.0,0.0,0.0,0.0,0.0,0.0,0.0,0.0,0.0,0.0,0.0,0.0,0.0,0.0,0.0,0.0,0.0,0.0,0.0,0.0,0.0,0.0,0.0,0.0,0.0,0.0,0.0,0.0,0.0,0.0,108.07242379932626,103.1763784939779,99.29642298325089,96.15368461279456,96.15368461279456,96.15368461279456,96.15368461279456,96.15368461279456,0.0,0.0,0.0,0.0,0.0,0.0,0.0,0.0,0.0,0.0,0.0,0.0,0.0,0.0,0.0,0.0,0.0,0.0,0.0,0.0,0.0,0.0,0.0,0.0,0.0,0.0,0.0,0.0,0.0,0.0,0.0,0.0,0.0,0.0,0.0
+ATBRM_a_8,0.0,0.0,0.0,0.0,0.0,0.0,0.0,0.0,0.0,0.0,0.0,0.0,0.0,0.0,0.0,0.0,0.0,0.0,0.0,0.0,0.0,0.0,0.0,0.0,0.0,0.0,0.0,0.0,0.0,0.0,0.0,0.0,0.0,0.0,0.0,0.0,0.0,0.0,0.0,0.0,111.54708255807046,106.34110637644689,102.22541341805518,98.89528734240022,96.15359376762721,96.15359376762721,96.15359376762721,96.15359376762721,96.15359376762721,96.15359376762721,0.0,0.0,0.0,0.0,0.0,0.0,0.0,0.0,0.0,0.0,0.0,0.0,0.0,0.0,0.0,0.0,0.0,0.0,0.0,0.0,0.0,0.0,0.0,0.0,0.0,0.0,0.0,0.0,0.0,0.0,0.0,0.0,0.0,0.0
+ATBRM_a_7,0.0,0.0,0.0,0.0,0.0,0.0,0.0,0.0,0.0,0.0,0.0,0.0,0.0,0.0,0.0,0.0,0.0,0.0,0.0,0.0,0.0,0.0,0.0,0.0,0.0,0.0,0.0,0.0,0.0,0.0,0.0,0.0,0.0,0.0,0.0,0.0,0.0,0.0,0.0,114.79954430389333,109.29635332507351,104.95627174217694,101.44892265750453,98.56203962421729,96.15374521254226,96.15374521254226,96.15374521254226,96.15374521254226,96.15374521254226,96.15374521254226,96.15374521254226,0.0,0.0,0.0,0.0,0.0,0.0,0.0,0.0,0.0,0.0,0.0,0.0,0.0,0.0,0.0,0.0,0.0,0.0,0.0,0.0,0.0,0.0,0.0,0.0,0.0,0.0,0.0,0.0,0.0,0.0,0.0,0.0,0.0
+ATBRM_a_6,0.0,0.0,0.0,0.0,0.0,0.0,0.0,0.0,0.0,0.0,0.0,0.0,0.0,0.0,0.0,0.0,0.0,0.0,0.0,0.0,0.0,0.0,0.0,0.0,0.0,0.0,0.0,0.0,0.0,0.0,0.0,0.0,0.0,0.0,0.0,0.0,0.0,0.0,117.84432891537168,112.0567699971757,107.50349186493555,103.8284408042214,100.80551784074231,98.28252570253518,96.15363281459423,96.15363281459423,96.15363281459423,96.15363281459423,96.15363281459423,96.15363281459423,96.15363281459423,96.15363281459423,0.0,0.0,0.0,0.0,0.0,0.0,0.0,0.0,0.0,0.0,0.0,0.0,0.0,0.0,0.0,0.0,0.0,0.0,0.0,0.0,0.0,0.0,0.0,0.0,0.0,0.0,0.0,0.0,0.0,0.0,0.0,0.0
+ATBRM_a_5,0.0,0.0,0.0,0.0,0.0,0.0,0.0,0.0,0.0,0.0,0.0,0.0,0.0,0.0,0.0,0.0,0.0,0.0,0.0,0.0,0.0,0.0,0.0,0.0,0.0,0.0,0.0,0.0,0.0,0.0,0.0,0.0,0.0,0.0,0.0,0.0,0.0,120.69496723145488,114.63587457228653,109.88034837702608,106.04741802870029,102.89650582250945,100.26611862971583,98.04538729209654,96.15375525574281,96.15375525574281,96.15375525574281,96.15375525574281,96.15375525574281,96.15375525574281,96.15375525574281,96.15375525574281,96.15375525574281,0.0,0.0,0.0,0.0,0.0,0.0,0.0,0.0,0.0,0.0,0.0,0.0,0.0,0.0,0.0,0.0,0.0,0.0,0.0,0.0,0.0,0.0,0.0,0.0,0.0,0.0,0.0,0.0,0.0,0.0,0.0
+ATBRM_a_4,0.0,0.0,0.0,0.0,0.0,0.0,0.0,0.0,0.0,0.0,0.0,0.0,0.0,0.0,0.0,0.0,0.0,0.0,0.0,0.0,0.0,0.0,0.0,0.0,0.0,0.0,0.0,0.0,0.0,0.0,0.0,0.0,0.0,0.0,0.0,0.0,123.36407370547445,117.0461553734949,112.09902275018298,108.11729557932534,104.84632292138375,102.11598110841301,99.80963533333643,97.84284364254414,96.15359909745092,96.15359909745092,96.15359909745092,96.15359909745092,96.15359909745092,96.15359909745092,96.15359909745092,96.15359909745092,96.15359909745092,96.15359909745092,0.0,0.0,0.0,0.0,0.0,0.0,0.0,0.0,0.0,0.0,0.0,0.0,0.0,0.0,0.0,0.0,0.0,0.0,0.0,0.0,0.0,0.0,0.0,0.0,0.0,0.0,0.0,0.0,0.0,0.0
+ATBRM_a_3,0.0,0.0,0.0,0.0,0.0,0.0,0.0,0.0,0.0,0.0,0.0,0.0,0.0,0.0,0.0,0.0,0.0,0.0,0.0,0.0,0.0,0.0,0.0,0.0,0.0,0.0,0.0,0.0,0.0,0.0,0.0,0.0,0.0,0.0,0.0,125.86341302021333,119.2991620821397,114.17071299704281,110.04886015748579,106.66532466643534,103.84166577360523,101.45576559533012,99.41946537171125,97.66811758316324,96.15372754166097,96.15372754166097,96.15372754166097,96.15372754166097,96.15372754166097,96.15372754166097,96.15372754166097,96.15372754166097,96.15372754166097,96.15372754166097,96.15372754166097,0.0,0.0,0.0,0.0,0.0,0.0,0.0,0.0,0.0,0.0,0.0,0.0,0.0,0.0,0.0,0.0,0.0,0.0,0.0,0.0,0.0,0.0,0.0,0.0,0.0,0.0,0.0,0.0,0.0
+ATBRM_a_2,0.0,0.0,0.0,0.0,0.0,0.0,0.0,0.0,0.0,0.0,0.0,0.0,0.0,0.0,0.0,0.0,0.0,0.0,0.0,0.0,0.0,0.0,0.0,0.0,0.0,0.0,0.0,0.0,0.0,0.0,0.0,0.0,0.0,0.0,128.20396125896156,121.40558710251453,116.10572945901845,111.85200443863104,108.36297218133484,105.4522035878784,102.99234048679898,100.89171584043186,99.08316825950504,97.51679265942974,96.15379723140947,96.15379723140947,96.15379723140947,96.15379723140947,96.15379723140947,96.15379723140947,96.15379723140947,96.15379723140947,96.15379723140947,96.15379723140947,96.15379723140947,96.15379723140947,0.0,0.0,0.0,0.0,0.0,0.0,0.0,0.0,0.0,0.0,0.0,0.0,0.0,0.0,0.0,0.0,0.0,0.0,0.0,0.0,0.0,0.0,0.0,0.0,0.0,0.0,0.0,0.0
+ATBRM_a_1,0.0,0.0,0.0,0.0,0.0,0.0,0.0,0.0,0.0,0.0,0.0,0.0,0.0,0.0,0.0,0.0,0.0,0.0,0.0,0.0,0.0,0.0,0.0,0.0,0.0,0.0,0.0,0.0,0.0,0.0,0.0,0.0,0.0,130.39596215679722,123.37533838148795,117.91357888648932,113.53581837102679,109.94793819978833,106.95585227183527,104.42720856982774,102.26700233341805,100.40571803861614,98.79164696925223,97.3846850945727,96.15383446603629,96.15383446603629,96.15383446603629,96.15383446603629,96.15383446603629,96.15383446603629,96.15383446603629,96.15383446603629,96.15383446603629,96.15383446603629,96.15383446603629,96.15383446603629,96.15383446603629,0.0,0.0,0.0,0.0,0.0,0.0,0.0,0.0,0.0,0.0,0.0,0.0,0.0,0.0,0.0,0.0,0.0,0.0,0.0,0.0,0.0,0.0,0.0,0.0,0.0,0.0,0.0
+ATBRM_a_0,0.0,0.0,0.0,0.0,0.0,0.0,0.0,0.0,0.0,0.0,0.0,0.0,0.0,0.0,0.0,0.0,0.0,0.0,0.0,0.0,0.0,0.0,0.0,0.0,0.0,0.0,0.0,0.0,0.0,0.0,0.0,0.0,132.4489788955678,125.21760478256252,119.60303857897327,115.10866856844758,111.42818901008661,108.36018793680512,105.76756040185472,103.55189955521432,101.64216857513516,99.98427968395679,98.53712551560062,97.26854971306396,96.15373189848422,96.15373189848422,96.15373189848422,96.15373189848422,96.15373189848422,96.15373189848422,96.15373189848422,96.15373189848422,96.15373189848422,96.15373189848422,96.15373189848422,96.15373189848422,96.15373189848422,96.15373189848422,0.0,0.0,0.0,0.0,0.0,0.0,0.0,0.0,0.0,0.0,0.0,0.0,0.0,0.0,0.0,0.0,0.0,0.0,0.0,0.0,0.0,0.0,0.0,0.0,0.0,0.0
ATBRM,0.0,0.0,0.0,0.0,0.0,0.0,0.0,0.0,0.0,0.0,0.0,0.0,0.0,0.0,0.0,0.0,0.0,0.0,0.0,0.0,0.0,0.0,0.0,0.0,0.0,0.0,0.0,0.0,0.0,0.0,0.0,40.95734204875308,38.53406577031545,36.677738843099824,35.206657941700946,34.01054240020544,33.01942591349662,32.185258869899656,31.47505504847073,30.864315795976324,30.334871672369083,29.873381137551053,29.469004393627486,29.113412085294918,28.799806808989707,28.799806808989707,28.799806808989707,28.799806808989707,28.799806808989707,28.799806808989707,28.799806808989707,28.799806808989707,28.799806808989707,28.799806808989707,28.799806808989707,28.799806808989707,28.799806808989707,28.799806808989707,28.799806808989707,28.799806808989707,28.799806808989707,28.799806808989707,28.799806808989707,28.799806808989707,28.799806808989707,28.799806808989707,28.799806808989707,28.799806808989707,28.799806808989707,28.799806808989707,28.799806808989707,28.799806808989707,28.799806808989707,28.799806808989707,28.799806808989707,28.799806808989707,28.799806808989707,28.799806808989707,28.799806808989707,28.799806808989707,28.799806808989707,28.799806808989707,28.799806808989707,28.799806808989707
ATBR2,0.0,0.0,0.0,0.0,0.0,0.0,0.0,0.0,0.0,0.0,0.0,0.0,0.0,0.0,0.0,0.0,0.0,0.0,0.0,0.0,0.0,0.0,0.0,0.0,0.0,0.0,0.0,0.0,0.0,0.0,23.505415317390806,23.037120297969082,21.73797850044599,20.734438167884303,19.933644200112433,19.279429025658544,18.735488558771443,18.276339443000033,17.884103250206387,17.546346711305212,17.253101793769485,16.99699929220303,16.772137021154617,16.57438453927591,16.399899521737748,16.399899521737748,16.399899521737748,16.399899521737748,16.399899521737748,16.399899521737748,16.399899521737748,16.399899521737748,16.399899521737748,16.399899521737748,16.399899521737748,16.399899521737748,16.399899521737748,16.399899521737748,16.399899521737748,16.399899521737748,16.399899521737748,16.399899521737748,16.399899521737748,16.399899521737748,16.399899521737748,16.399899521737748,16.399899521737748,16.399899521737748,16.399899521737748,16.399899521737748,16.399899521737748,16.399899521737748,16.399899521737748,16.399899521737748,16.399899521737748,16.399899521737748,16.399899521737748,16.399899521737748,16.399899521737748,16.399899521737748,16.399899521737748,16.399899521737748,16.399899521737748,16.399899521737748
ATBRL,0.0,0.0,0.0,0.0,0.0,0.0,0.0,0.0,0.0,0.0,0.0,0.0,0.0,0.0,0.0,0.0,0.0,0.0,0.0,0.0,0.0,0.0,0.0,0.0,0.0,0.0,0.0,0.0,0.0,112.14505471901373,110.93344467534686,108.94517749087916,103.35703300228596,98.97106352247123,95.430972627615,92.5128144537394,90.0677655585945,87.99195616762566,86.21093073882054,84.6701773966122,83.32798872984982,82.15226336947438,81.11837799250944,80.20624868062042,79.39996819943319,79.39996819943319,79.39996819943319,79.39996819943319,79.39996819943319,79.39996819943319,79.39996819943319,79.39996819943319,79.39996819943319,79.39996819943319,79.39996819943319,79.39996819943319,79.39996819943319,79.39996819943319,79.39996819943319,79.39996819943319,79.39996819943319,79.39996819943319,79.39996819943319,79.39996819943319,79.39996819943319,79.39996819943319,79.39996819943319,79.39996819943319,79.39996819943319,79.39996819943319,79.39996819943319,79.39996819943319,79.39996819943319,79.39996819943319,79.39996819943319,79.39996819943319,79.39996819943319,79.39996819943319,79.39996819943319,79.39996819943319,79.39996819943319,79.39996819943319,79.39996819943319,79.39996819943319
ATWDU,0.0,0.0,0.0,0.0,0.0,0.0,0.0,0.0,0.0,0.0,0.0,0.0,0.0,0.0,0.0,0.0,0.0,0.0,0.0,0.0,0.0,0.0,0.0,0.0,0.0,0.0,0.0,151.57507434855523,151.57507434855523,137.6003614015373,135.23259196939412,131.4099218063934,121.08820618463045,113.42936683535464,107.53606091263629,102.87390072107365,99.10497550093233,96.00565795475455,93.42091543826042,91.24135102654225,89.38625009154514,87.79536493307032,86.42321809871443,85.23405724851727,84.19999870159097,84.19999870159097,84.19999870159097,84.19999870159097,84.19999870159097,84.19999870159097,84.19999870159097,84.19999870159097,84.19999870159097,84.19999870159097,84.19999870159097,84.19999870159097,84.19999870159097,84.19999870159097,84.19999870159097,84.19999870159097,84.19999870159097,84.19999870159097,84.19999870159097,84.19999870159097,84.19999870159097,84.19999870159097,84.19999870159097,84.19999870159097,84.19999870159097,84.19999870159097,84.19999870159097,84.19999870159097,84.19999870159097,84.19999870159097,84.19999870159097,84.19999870159097,84.19999870159097,84.19999870159097,84.19999870159097,84.19999870159097,84.19999870159097,84.19999870159097,84.19999870159097,84.19999870159097
ATWDM,0.0,0.0,0.0,0.0,0.0,0.0,0.0,0.0,0.0,0.0,0.0,0.0,0.0,0.0,0.0,0.0,0.0,0.0,0.0,0.0,0.0,0.0,0.0,0.0,0.0,0.0,71.87181972620542,69.13757142331725,69.13757142331725,67.55856142567694,67.2546093482424,66.73806638364927,65.16003485301694,63.779113560762354,62.563714305711436,61.48706578748828,60.52804940914686,59.669545236472935,58.898401531560495,58.20324297986113,57.57501869349484,57.006269756892436,56.49059981756263,56.02331544808135,55.59985762077832,55.59985762077832,55.59985762077832,55.59985762077832,55.59985762077832,55.59985762077832,55.59985762077832,55.59985762077832,55.59985762077832,55.59985762077832,55.59985762077832,55.59985762077832,55.59985762077832,55.59985762077832,55.59985762077832,55.59985762077832,55.59985762077832,55.59985762077832,55.59985762077832,55.59985762077832,55.59985762077832,55.59985762077832,55.59985762077832,55.59985762077832,55.59985762077832,55.59985762077832,55.59985762077832,55.59985762077832,55.59985762077832,55.59985762077832,55.59985762077832,55.59985762077832,55.59985762077832,55.59985762077832,55.59985762077832,55.59985762077832,55.59985762077832,55.59985762077832,55.59985762077832,55.59985762077832
ATWDL,0.0,0.0,0.0,0.0,0.0,0.0,0.0,0.0,0.0,0.0,0.0,0.0,0.0,0.0,0.0,0.0,0.0,0.0,0.0,0.0,0.0,0.0,0.0,0.0,0.0,99.86561443345971,94.7189667616841,86.15691207815419,86.15691207815419,81.7412702312628,80.93167307663929,79.58450020255245,75.68278223907225,72.51807554512045,69.91128099126009,67.73396646600226,65.89438399117773,64.32423979350159,62.973277249715366,61.80251404275647,60.78188411334436,59.888359733512544,59.103025014906876,58.41093334762761,57.7999851479927,57.7999851479927,57.7999851479927,57.7999851479927,57.7999851479927,57.7999851479927,57.7999851479927,57.7999851479927,57.7999851479927,57.7999851479927,57.7999851479927,57.7999851479927,57.7999851479927,57.7999851479927,57.7999851479927,57.7999851479927,57.7999851479927,57.7999851479927,57.7999851479927,57.7999851479927,57.7999851479927,57.7999851479927,57.7999851479927,57.7999851479927,57.7999851479927,57.7999851479927,57.7999851479927,57.7999851479927,57.7999851479927,57.7999851479927,57.7999851479927,57.7999851479927,57.7999851479927,57.7999851479927,57.7999851479927,57.7999851479927,57.7999851479927,57.7999851479927,57.7999851479927,57.7999851479927
ATAL_s_1,0.0,0.0,0.0,0.0,0.0,0.0,0.0,0.0,0.0,0.0,0.0,0.0,0.0,0.0,0.0,0.0,0.0,0.0,0.0,0.0,0.0,0.0,0.0,102.84658626411584,102.84658626411584,92.32048189588878,86.73626367350116,77.62356829548307,77.62356829548307,73.03497207860346,72.20326153723511,70.8263951215871,66.89216279744994,63.764754980032706,61.23579033862501,59.15988814955321,57.43317927520477,55.98136422429147,54.74886064440769,53.69467758710419,52.78688297091638,52.00093432767544,51.317413565324905,50.721253760494584,50.19996335545287,50.19996335545287,50.19996335545287,50.19996335545287,50.19996335545287,50.19996335545287,50.19996335545287,50.19996335545287,50.19996335545287,50.19996335545287,50.19996335545287,50.19996335545287,50.19996335545287,50.19996335545287,50.19996335545287,50.19996335545287,50.19996335545287,50.19996335545287,50.19996335545287,50.19996335545287,50.19996335545287,50.19996335545287,50.19996335545287,50.19996335545287,50.19996335545287,50.19996335545287,50.19996335545287,50.19996335545287,50.19996335545287,50.19996335545287,50.19996335545287,50.19996335545287,50.19996335545287,50.19996335545287,50.19996335545287,50.19996335545287,50.19996335545287,50.19996335545287,50.19996335545287,50.19996335545287
ATAL,0.0,0.0,0.0,0.0,0.0,0.0,0.0,0.0,0.0,0.0,0.0,0.0,0.0,0.0,0.0,0.0,0.0,0.0,0.0,0.0,0.0,0.0,103.57006655256174,92.70744633763742,92.70744633763742,85.44856593959156,81.3365660525873,74.23973801641748,74.23973801641748,70.48871580596395,69.79641734081042,68.64207417916785,65.28762740967223,62.56334221537819,60.32446511635281,58.4626949921073,56.89881203337064,55.57269956734813,54.43981211811843,53.46520381055626,52.622030451091135,51.889022747165306,51.24968458321985,50.69030992201318,50.19997847449,50.19997847449,50.19997847449,50.19997847449,50.19997847449,50.19997847449,50.19997847449,50.19997847449,50.19997847449,50.19997847449,50.19997847449,50.19997847449,50.19997847449,50.19997847449,50.19997847449,50.19997847449,50.19997847449,50.19997847449,50.19997847449,50.19997847449,50.19997847449,50.19997847449,50.19997847449,50.19997847449,50.19997847449,50.19997847449,50.19997847449,50.19997847449,50.19997847449,50.19997847449,50.19997847449,50.19997847449,50.19997847449,50.19997847449,50.19997847449,50.19997847449,50.19997847449,50.19997847449,50.19997847449,50.19997847449
ATRT,0.0,0.0,0.0,0.0,0.0,0.0,0.0,0.0,0.0,0.0,0.0,0.0,0.0,0.0,0.0,0.0,0.0,0.0,0.0,0.0,0.0,51.044277091624394,45.254960124636526,41.4012543504664,41.4012543504664,38.668032107132724,37.06598555961769,34.2116166501482,34.2116166501482,32.6593671758709,32.36974916184204,31.88467213836497,30.459884872604334,29.287091686913556,28.312611500497695,27.49574470405279,26.804632149214978,26.21566687108583,25.710076878648803,25.273333381484118,24.89445622032447,24.564232933180634,24.275454542368365,24.022290617265313,23.799879384707857,23.799879384707857,23.799879384707857,23.799879384707857,23.799879384707857,23.799879384707857,23.799879384707857,23.799879384707857,23.799879384707857,23.799879384707857,23.799879384707857,23.799879384707857,23.799879384707857,23.799879384707857,23.799879384707857,23.799879384707857,23.799879384707857,23.799879384707857,23.799879384707857,23.799879384707857,23.799879384707857,23.799879384707857,23.799879384707857,23.799879384707857,23.799879384707857,23.799879384707857,23.799879384707857,23.799879384707857,23.799879384707857,23.799879384707857,23.799879384707857,23.799879384707857,23.799879384707857,23.799879384707857,23.799879384707857,23.799879384707857,23.799879384707857,23.799879384707857,23.799879384707857,23.799879384707857
RNKPD,0.0,0.0,0.0,0.0,0.0,0.0,0.0,0.0,0.0,0.0,0.0,0.0,0.0,0.0,0.0,0.0,0.0,0.0,0.0,21.23267824327126,21.23267824327126,20.619555444473768,19.589044305275344,18.79429075868712,18.79429075868712,18.16698409423012,17.7713678362894,17.008139591927105,17.008139591927105,16.557937283303318,16.47058410540956,16.322554408568227,15.87057132167988,15.477451589026002,15.134739038232116,14.835271321791387,14.57233797611669,14.340393869784272,14.13542300713359,13.953499738633338,13.79160438469985,13.647229815275406,13.518285707189712,13.402889425884618,13.299882632839475,13.299882632839475,13.299882632839475,13.299882632839475,13.299882632839475,13.299882632839475,13.299882632839475,13.299882632839475,13.299882632839475,13.299882632839475,13.299882632839475,13.299882632839475,13.299882632839475,13.299882632839475,13.299882632839475,13.299882632839475,13.299882632839475,13.299882632839475,13.299882632839475,13.299882632839475,13.299882632839475,13.299882632839475,13.299882632839475,13.299882632839475,13.299882632839475,13.299882632839475,13.299882632839475,13.299882632839475,13.299882632839475,13.299882632839475,13.299882632839475,13.299882632839475,13.299882632839475,13.299882632839475,13.299882632839475,13.299882632839475,13.299882632839475,13.299882632839475,13.299882632839475,13.299882632839475
RNKPR,0.0,0.0,0.0,0.0,0.0,0.0,0.0,0.0,0.0,0.0,0.0,0.0,0.0,0.0,0.0,0.0,0.0,0.0,13.290379754823745,13.016706103154158,13.016706103154158,12.425550575467568,11.481882004214894,10.79481155141271,10.79481155141271,10.27629704966678,9.959792945486601,9.370726471360857,9.370726471360857,9.036447665076818,8.972578826780937,8.865370602653234,8.544291009349656,8.272447500389228,8.041660766447844,7.844262267712152,7.674219572820502,7.527250446013638,7.3993611960160575,7.287571745011174,7.18932823504412,7.103027806367716,7.026864232246809,6.959533449060235,6.899957822396475,6.899957822396475,6.899957822396475,6.899957822396475,6.899957822396475,6.899957822396475,6.899957822396475,6.899957822396475,6.899957822396475,6.899957822396475,6.899957822396475,6.899957822396475,6.899957822396475,6.899957822396475,6.899957822396475,6.899957822396475,6.899957822396475,6.899957822396475,6.899957822396475,6.899957822396475,6.899957822396475,6.899957822396475,6.899957822396475,6.899957822396475,6.899957822396475,6.899957822396475,6.899957822396475,6.899957822396475,6.899957822396475,6.899957822396475,6.899957822396475,6.899957822396475,6.899957822396475,6.899957822396475,6.899957822396475,6.899957822396475,6.899957822396475,6.899957822396475,6.899957822396475,6.899957822396475
RNMUU,0.0,0.0,0.0,0.0,0.0,0.0,0.0,0.0,0.0,0.0,0.0,0.0,0.0,0.0,0.0,0.0,54.002664847389184,54.002664847389184,53.497296201082236,52.728837142087244,52.728837142087244,51.03028592256515,48.20310116284054,46.04906200188147,46.04906200188147,44.36868870896349,43.31731768635069,41.3116656840215,41.3116656840215,40.14283143243127,39.918107536517226,39.53690223279225,38.381029212483156,37.38656568840296,36.52840504039436,35.78529615947903,35.138623405315585,34.57338835482101,34.0771818856704,33.640287644393595,33.25428372490107,32.91240080590683,32.609034498035676,32.33952812577799,32.09989847795754,32.09989847795754,32.09989847795754,32.09989847795754,32.09989847795754,32.09989847795754,32.09989847795754,32.09989847795754,32.09989847795754,32.09989847795754,32.09989847795754,32.09989847795754,32.09989847795754,32.09989847795754,32.09989847795754,32.09989847795754,32.09989847795754,32.09989847795754,32.09989847795754,32.09989847795754,32.09989847795754,32.09989847795754,32.09989847795754,32.09989847795754,32.09989847795754,32.09989847795754,32.09989847795754,32.09989847795754,32.09989847795754,32.09989847795754,32.09989847795754,32.09989847795754,32.09989847795754,32.09989847795754,32.09989847795754,32.09989847795754,32.09989847795754,32.09989847795754,32.09989847795754,32.09989847795754
RNMUA,0.0,0.0,0.0,0.0,0.0,0.0,0.0,0.0,0.0,0.0,0.0,0.0,0.0,0.0,0.0,32.01876655972569,31.474935014461668,31.474935014461668,31.351184575691615,31.15947311244976,31.15947311244976,30.71997312169823,29.935544571089668,29.28896307261919,29.28896307261919,28.7512459918864,28.39842599203112,27.687630128028356,27.687630128028356,27.24787006648645,27.160996010037692,27.011834881063155,26.54495711249173,26.124626394384073,25.746648682695426,25.406640715068086,25.100206775294406,24.823987868594656,24.57439360777767,24.348543980393888,24.143961162833467,23.95851463400847,23.790376119061737,23.637979871197768,23.499856035764605,23.499856035764605,23.499856035764605,23.499856035764605,23.499856035764605,23.499856035764605,23.499856035764605,23.499856035764605,23.499856035764605,23.499856035764605,23.499856035764605,23.499856035764605,23.499856035764605,23.499856035764605,23.499856035764605,23.499856035764605,23.499856035764605,23.499856035764605,23.499856035764605,23.499856035764605,23.499856035764605,23.499856035764605,23.499856035764605,23.499856035764605,23.499856035764605,23.499856035764605,23.499856035764605,23.499856035764605,23.499856035764605,23.499856035764605,23.499856035764605,23.499856035764605,23.499856035764605,23.499856035764605,23.499856035764605,23.499856035764605,23.499856035764605,23.499856035764605,23.499856035764605,23.499856035764605
RNMUE,0.0,0.0,0.0,0.0,0.0,0.0,0.0,0.0,0.0,0.0,0.0,0.0,0.0,0.0,21.600000000000136,21.600000000000136,21.600000000000136,21.600000000000136,21.600000000000136,21.600000000000136,21.600000000000136,21.600000000000136,21.600000000000136,21.600000000000136,21.600000000000136,21.600000000000136,21.600000000000136,21.600000000000136,21.600000000000136,21.600000000000136,21.600000000000136,21.600000000000136,21.600000000000136,21.600000000000136,21.600000000000136,21.600000000000136,21.600000000000136,21.600000000000136,21.600000000000136,21.600000000000136,21.600000000000136,21.600000000000136,21.600000000000136,21.600000000000136,21.600000000000136,21.600000000000136,21.600000000000136,21.600000000000136,21.600000000000136,21.600000000000136,21.600000000000136,21.600000000000136,21.600000000000136,21.600000000000136,21.600000000000136,21.600000000000136,21.600000000000136,21.600000000000136,21.600000000000136,21.600000000000136,21.600000000000136,21.600000000000136,21.600000000000136,21.600000000000136,21.600000000000136,21.600000000000136,21.600000000000136,21.600000000000136,21.600000000000136,21.600000000000136,21.600000000000136,21.600000000000136,21.600000000000136,21.600000000000136,21.600000000000136,21.600000000000136,21.600000000000136,21.600000000000136,21.600000000000136,21.600000000000136,21.600000000000136,21.600000000000136,21.600000000000136,21.600000000000136
RNMUL,0.0,0.0,0.0,0.0,0.0,0.0,0.0,0.0,0.0,0.0,0.0,0.0,0.0,131.1081807965166,129.28201622830824,126.7126953016529,122.7566023881351,122.7566023881351,121.87597069083716,120.52577160711095,120.52577160711095,117.49379564630671,112.29995216239959,108.21831201423112,108.21831201423112,104.95871193165812,102.88672958595997,98.86211633216648,98.86211633216648,96.4735525430081,96.01072889176598,95.22298486401172,92.8143517507377,90.717460395017,88.89048296113577,87.29438966163879,85.89562978811301,84.66543413391071,83.57996626959338,82.61930393313644,81.76723223605259,81.00985505557306,80.33568800860166,79.73510342942343,79.20001079127667,79.20001079127667,79.20001079127667,79.20001079127667,79.20001079127667,79.20001079127667,79.20001079127667,79.20001079127667,79.20001079127667,79.20001079127667,79.20001079127667,79.20001079127667,79.20001079127667,79.20001079127667,79.20001079127667,79.20001079127667,79.20001079127667,79.20001079127667,79.20001079127667,79.20001079127667,79.20001079127667,79.20001079127667,79.20001079127667,79.20001079127667,79.20001079127667,79.20001079127667,79.20001079127667,79.20001079127667,79.20001079127667,79.20001079127667,79.20001079127667,79.20001079127667,79.20001079127667,79.20001079127667,79.20001079127667,79.20001079127667,79.20001079127667,79.20001079127667,79.20001079127667,79.20001079127667
RNROY,0.0,0.0,0.0,0.0,0.0,0.0,0.0,0.0,0.0,0.0,0.0,0.0,44.21506961900199,41.14537433145365,40.73806429390629,40.15574420529626,39.23592882684886,39.23592882684886,39.02723430222798,38.70444266396994,38.70444266396994,37.966747263317714,36.661683761544985,35.59719956283739,35.59719956283739,34.72174731526658,34.152537273918014,33.01901134653985,33.01901134653985,32.32734843458333,32.19134745395417,31.959093482176193,31.238504073342114,30.59761767694274,30.028122891462704,29.522032287676396,29.071179505668887,28.668662154884796,28.308519107668012,27.985526677880134,27.695666361870344,27.43507607132407,27.200633832380248,26.989686191805518,26.799977691246426,26.799977691246426,26.799977691246426,26.799977691246426,26.799977691246426,26.799977691246426,26.799977691246426,26.799977691246426,26.799977691246426,26.799977691246426,26.799977691246426,26.799977691246426,26.799977691246426,26.799977691246426,26.799977691246426,26.799977691246426,26.799977691246426,26.799977691246426,26.799977691246426,26.799977691246426,26.799977691246426,26.799977691246426,26.799977691246426,26.799977691246426,26.799977691246426,26.799977691246426,26.799977691246426,26.799977691246426,26.799977691246426,26.799977691246426,26.799977691246426,26.799977691246426,26.799977691246426,26.799977691246426,26.799977691246426,26.799977691246426,26.799977691246426,26.799977691246426,26.799977691246426,26.799977691246426
RNROF,0.0,0.0,0.0,0.0,0.0,0.0,0.0,0.0,0.0,0.0,0.0,54.45748448137917,53.655419876719705,51.55424837714675,51.2624274946168,50.83896367368729,50.15592380747397,50.15592380747397,49.998477005044315,49.753109429660725,49.753109429660725,49.184029288412475,48.14620971172331,47.27002568478618,47.27002568478618,46.52770474063688,46.034444844153974,45.02446633561164,45.02446633561164,44.38988312210786,44.26365124522901,44.046246125247706,43.36069532420566,42.73618224604822,42.169441220297955,41.655361141954,41.18891902068728,40.76538865995339,40.38033671642551,40.030302694882586,39.7117598848519,39.421809996000945,39.15793317616731,38.917949204593256,38.6999777378887,38.6999777378887,38.6999777378887,38.6999777378887,38.6999777378887,38.6999777378887,38.6999777378887,38.6999777378887,38.6999777378887,38.6999777378887,38.6999777378887,38.6999777378887,38.6999777378887,38.6999777378887,38.6999777378887,38.6999777378887,38.6999777378887,38.6999777378887,38.6999777378887,38.6999777378887,38.6999777378887,38.6999777378887,38.6999777378887,38.6999777378887,38.6999777378887,38.6999777378887,38.6999777378887,38.6999777378887,38.6999777378887,38.6999777378887,38.6999777378887,38.6999777378887,38.6999777378887,38.6999777378887,38.6999777378887,38.6999777378887,38.6999777378887,38.6999777378887,38.6999777378887,38.6999777378887
RNROL,0.0,0.0,0.0,0.0,0.0,0.0,0.0,0.0,0.0,0.0,113.4596413056795,110.00799255187088,107.47559382360055,101.0578258977439,100.19036571558769,98.94274312907505,96.95646137027643,96.95646137027643,96.50316176782141,95.80012561654857,95.80012561654857,94.18514045705481,91.29811168034945,88.91654382267825,88.91654382267825,86.93978440788868,85.6467961006934,83.05068515432578,83.05068515432578,81.45451552067624,81.1402530891551,80.6015419105091,78.92366616006817,77.42381734268994,76.08551972541721,74.89081864273439,73.823286709252,72.86750962700208,72.01027215772875,71.24017229805774,70.54728637398499,69.92359572459813,69.36173724645084,68.85560218852909,68.39997444405218,68.39997444405218,68.39997444405218,68.39997444405218,68.39997444405218,68.39997444405218,68.39997444405218,68.39997444405218,68.39997444405218,68.39997444405218,68.39997444405218,68.39997444405218,68.39997444405218,68.39997444405218,68.39997444405218,68.39997444405218,68.39997444405218,68.39997444405218,68.39997444405218,68.39997444405218,68.39997444405218,68.39997444405218,68.39997444405218,68.39997444405218,68.39997444405218,68.39997444405218,68.39997444405218,68.39997444405218,68.39997444405218,68.39997444405218,68.39997444405218,68.39997444405218,68.39997444405218,68.39997444405218,68.39997444405218,68.39997444405218,68.39997444405218,68.39997444405218,68.39997444405218,68.39997444405218
RNSOC,0.0,0.0,0.0,0.0,0.0,0.0,0.0,0.0,0.0,15.663824766041833,14.42783316305024,13.96205110002993,13.620876922792906,12.762039350024262,12.646699346292193,12.48100396676561,12.217938703780789,12.217938703780789,12.158035950630916,12.064888995836515,12.064888995836515,11.852328032905156,11.474017938395477,11.163628212110638,11.163628212110638,10.90768772597791,10.741028475650005,10.408184270370795,10.408184270370795,10.205123754015846,10.16527748787617,10.097079195395535,9.88559434524186,9.69759503745616,9.531122523466376,9.383450715004285,9.252259294681984,9.135328963973379,9.031240228127071,8.93823507894049,8.855010138813423,8.78045304016804,8.713615339746369,8.653688551426688,8.59998365845789,8.59998365845789,8.59998365845789,8.59998365845789,8.59998365845789,8.59998365845789,8.59998365845789,8.59998365845789,8.59998365845789,8.59998365845789,8.59998365845789,8.59998365845789,8.59998365845789,8.59998365845789,8.59998365845789,8.59998365845789,8.59998365845789,8.59998365845789,8.59998365845789,8.59998365845789,8.59998365845789,8.59998365845789,8.59998365845789,8.59998365845789,8.59998365845789,8.59998365845789,8.59998365845789,8.59998365845789,8.59998365845789,8.59998365845789,8.59998365845789,8.59998365845789,8.59998365845789,8.59998365845789,8.59998365845789,8.59998365845789,8.59998365845789,8.59998365845789,8.59998365845789,8.59998365845789
RNSOB,0.0,0.0,0.0,0.0,0.0,0.0,0.0,0.0,13.08326272407241,13.048945982994002,12.814096365551332,12.714294618436936,12.63675080705596,12.421618153443866,12.39035342241099,12.34434229482388,12.268490597256445,12.268490597256445,12.250713643564819,12.222787930418177,12.222787930418177,12.156958816843776,12.032993809963912,11.924158602331335,11.924158602331335,11.828826235945407,11.763824903262517,11.626254015669176,11.626254015669176,11.536807512250048,11.518714043113008,11.487312412986299,11.386249950148187,11.291392584835585,11.202819851985351,11.120341677769083,11.043651709834602,10.972407197198786,10.906113783282752,10.844764851966023,10.78787992958416,10.735185446670544,10.686436666333833,10.641417348044873,10.599938712015492,10.599938712015492,10.599938712015492,10.599938712015492,10.599938712015492,10.599938712015492,10.599938712015492,10.599938712015492,10.599938712015492,10.599938712015492,10.599938712015492,10.599938712015492,10.599938712015492,10.599938712015492,10.599938712015492,10.599938712015492,10.599938712015492,10.599938712015492,10.599938712015492,10.599938712015492,10.599938712015492,10.599938712015492,10.599938712015492,10.599938712015492,10.599938712015492,10.599938712015492,10.599938712015492,10.599938712015492,10.599938712015492,10.599938712015492,10.599938712015492,10.599938712015492,10.599938712015492,10.599938712015492,10.599938712015492,10.599938712015492,10.599938712015492,10.599938712015492,10.599938712015492,10.599938712015492
RBMH,0.0,0.0,0.0,0.0,0.0,0.0,0.0,37.775378927065745,37.63997193857017,37.48059314718714,36.4096629493056,35.964557752436164,35.62319440631575,34.695811882196416,34.56314231769129,34.368944664026436,34.05150970153469,34.05150970153469,33.97760014085989,33.86158897140037,33.86158897140037,33.590610174985265,33.08709076375659,32.65226919038194,32.65226919038194,32.27692540875943,32.02395056826873,31.49686915522601,31.49686915522601,31.159499670175606,31.091803830555186,30.974753878755426,30.60181344780601,30.257011890960086,29.93964867655504,29.647969799392115,29.380432747367248,29.134912880841007,28.909592602526953,28.70280539227327,28.513054196866047,28.339004480069402,28.17947746097075,28.03343929200724,27.899867484296884,27.899867484296884,27.899867484296884,27.899867484296884,27.899867484296884,27.899867484296884,27.899867484296884,27.899867484296884,27.899867484296884,27.899867484296884,27.899867484296884,27.899867484296884,27.899867484296884,27.899867484296884,27.899867484296884,27.899867484296884,27.899867484296884,27.899867484296884,27.899867484296884,27.899867484296884,27.899867484296884,27.899867484296884,27.899867484296884,27.899867484296884,27.899867484296884,27.899867484296884,27.899867484296884,27.899867484296884,27.899867484296884,27.899867484296884,27.899867484296884,27.899867484296884,27.899867484296884,27.899867484296884,27.899867484296884,27.899867484296884,27.899867484296884,27.899867484296884,27.899867484296884,27.899867484296884
RBMDC,0.0,0.0,0.0,0.0,0.0,32.43514168675355,32.43514168675355,31.68944847715516,31.445153102322564,31.161280885405105,29.336497675591634,28.619295389714885,28.083647687912418,26.69353434469471,26.50166302128045,26.224576905302456,25.779708198455065,25.779708198455065,25.67754234678181,25.518627055588098,25.518627055588098,25.151480167209087,24.487350473834063,23.932739368524306,23.932739368524306,23.467197186372783,23.160601077584715,22.539471618669186,22.539471618669186,22.153876554108795,22.077634523361617,21.9464618390545,21.536779832118597,21.16795709059415,20.83686178729173,20.53958160818361,20.2728630335036,20.033069490910663,19.81720455075523,19.622647161400305,19.447126401644084,19.288678581539013,19.145495969037775,19.016378331866267,18.899927296913965,18.899927296913965,18.899927296913965,18.899927296913965,18.899927296913965,18.899927296913965,18.899927296913965,18.899927296913965,18.899927296913965,18.899927296913965,18.899927296913965,18.899927296913965,18.899927296913965,18.899927296913965,18.899927296913965,18.899927296913965,18.899927296913965,18.899927296913965,18.899927296913965,18.899927296913965,18.899927296913965,18.899927296913965,18.899927296913965,18.899927296913965,18.899927296913965,18.899927296913965,18.899927296913965,18.899927296913965,18.899927296913965,18.899927296913965,18.899927296913965,18.899927296913965,18.899927296913965,18.899927296913965,18.899927296913965,18.899927296913965,18.899927296913965,18.899927296913965,18.899927296913965,18.899927296913965
RBMDL,0.0,0.0,0.0,0.0,11.322639210077401,11.229803011373214,11.229803011373214,11.127229379475478,11.092849112209194,11.052277328966726,10.776774840405828,10.660579327652878,10.57107924357749,10.32535465008199,10.289893688458973,10.237845978834255,10.152409965199732,10.152409965199732,10.132453455210547,10.101155861955842,10.101155861955842,10.027627332393092,9.889902646503543,9.770293222926835,9.770293222926835,9.666338790547385,9.595900749536924,9.448208134069649,9.448208134069649,9.352914934197953,9.333725678922523,9.30049243475685,9.193967129545863,9.095037546421361,9.003409398175824,8.91874559498655,8.840602399212814,8.768515958553,8.702034323752688,8.640569469751266,8.584104557593287,8.532093004032257,8.484231527034737,8.44025274587955,8.39992354643713,8.39992354643713,8.39992354643713,8.39992354643713,8.39992354643713,8.39992354643713,8.39992354643713,8.39992354643713,8.39992354643713,8.39992354643713,8.39992354643713,8.39992354643713,8.39992354643713,8.39992354643713,8.39992354643713,8.39992354643713,8.39992354643713,8.39992354643713,8.39992354643713,8.39992354643713,8.39992354643713,8.39992354643713,8.39992354643713,8.39992354643713,8.39992354643713,8.39992354643713,8.39992354643713,8.39992354643713,8.39992354643713,8.39992354643713,8.39992354643713,8.39992354643713,8.39992354643713,8.39992354643713,8.39992354643713,8.39992354643713,8.39992354643713,8.39992354643713,8.39992354643713,8.39992354643713
RBMVU,0.0,0.0,0.0,82.3743325440652,82.1438632630884,81.4986438949144,81.4986438949144,80.78490079049747,80.54547224952292,80.26279717770319,78.33943602251281,77.52857992655125,76.90132473527112,75.1757014117222,74.92634308487766,74.5601692547146,73.95863683861745,73.95863683861745,73.81804614665353,73.59749666879422,73.59749666879422,73.07905242461537,72.10844274254595,71.2625563358812,71.2625563358812,70.5263573857119,70.0272513829091,68.97957825722352,68.97957825722352,68.30277532680898,68.16640861366267,67.93017751393236,67.17367102708764,66.46878344486069,65.81555488720997,65.2114869332769,64.65352603707501,64.13845734862237,63.663134866705164,63.22462366761011,62.82011366455261,62.447505815519705,62.10449126790681,61.78918624150337,61.49994774214412,61.49994774214412,61.49994774214412,61.49994774214412,61.49994774214412,61.49994774214412,61.49994774214412,61.49994774214412,61.49994774214412,61.49994774214412,61.49994774214412,61.49994774214412,61.49994774214412,61.49994774214412,61.49994774214412,61.49994774214412,61.49994774214412,61.49994774214412,61.49994774214412,61.49994774214412,61.49994774214412,61.49994774214412,61.49994774214412,61.49994774214412,61.49994774214412,61.49994774214412,61.49994774214412,61.49994774214412,61.49994774214412,61.49994774214412,61.49994774214412,61.49994774214412,61.49994774214412,61.49994774214412,61.49994774214412,61.49994774214412,61.49994774214412,61.49994774214412,61.49994774214412,61.49994774214412
RBMVL,0.0,58.37421162364451,58.37421162364451,56.811533235085754,56.61246625420941,56.05749433909444,56.05749433909444,55.44725309874743,55.243633216033295,55.0038468865977,53.39017601562839,52.71907830789378,52.20346318252395,50.80353647690493,50.60331677467029,50.310283299620565,49.83145121146953,49.83145121146953,49.71999719241483,49.54550736632339,49.54550736632339,49.13677484285589,48.37860173560182,47.72479939295454,47.72479939295454,47.161280275571634,46.78198505871806,45.993314066169916,45.993314066169916,45.48965477071748,45.388718497898715,45.21430098635922,44.65951728739547,44.14798037587127,43.67845147640146,43.24821219390663,42.854591425771545,42.494371948694116,42.16470041325208,41.862966492092085,41.58682613131769,41.33419156120137,41.10321997704646,40.89229236437035,40.69989407021925,40.69989407021925,40.69989407021925,40.69989407021925,40.69989407021925,40.69989407021925,40.69989407021925,40.69989407021925,40.69989407021925,40.69989407021925,40.69989407021925,40.69989407021925,40.69989407021925,40.69989407021925,40.69989407021925,40.69989407021925,40.69989407021925,40.69989407021925,40.69989407021925,40.69989407021925,40.69989407021925,40.69989407021925,40.69989407021925,40.69989407021925,40.69989407021925,40.69989407021925,40.69989407021925,40.69989407021925,40.69989407021925,40.69989407021925,40.69989407021925,40.69989407021925,40.69989407021925,40.69989407021925,40.69989407021925,40.69989407021925,40.69989407021925,40.69989407021925,40.69989407021925,40.69989407021925
RBSH,47.691255543525074,46.767964707543946,46.767964707543946,45.590171185183245,45.439723094948775,45.019727748893175,45.019727748893175,44.55721840347549,44.4025636126247,44.22030021733191,42.989557974116806,42.475956816879666,42.0808058433555,41.003866220135315,40.84945171952313,40.62328360436647,40.253031858871445,40.253031858871445,40.166841430384615,40.03184398221473,40.03184398221473,39.715540233048024,39.127332748950565,38.61904335577312,38.61904335577312,38.180170619322205,37.884164751341174,37.268331709062956,37.268331709062956,36.87419317095257,36.795140271040495,36.65848613374872,36.22339259639243,35.821646115890374,35.45226853851684,35.11370225608396,34.80347552722822,34.51930394118571,34.25900751003353,34.020583935619655,33.802229649023644,33.60233418882659,33.419358409927504,33.25230002322991,33.09992396682147,33.09992396682147,33.09992396682147,33.09992396682147,33.09992396682147,33.09992396682147,33.09992396682147,33.09992396682147,33.09992396682147,33.09992396682147,33.09992396682147,33.09992396682147,33.09992396682147,33.09992396682147,33.09992396682147,33.09992396682147,33.09992396682147,33.09992396682147,33.09992396682147,33.09992396682147,33.09992396682147,33.09992396682147,33.09992396682147,33.09992396682147,33.09992396682147,33.09992396682147,33.09992396682147,33.09992396682147,33.09992396682147,33.09992396682147,33.09992396682147,33.09992396682147,33.09992396682147,33.09992396682147,33.09992396682147,33.09992396682147,33.09992396682147,33.09992396682147,33.09992396682147,33.09992396682147
